Selected,"Cluttered (0, 1)",Unsure ,Unsure Criterion ,"Cluttered (0, 1)",Excluded ,,,,,,,,,,,,,,,,,,,,,
a/art_gallery/sun_aajmrygrsoqheptx.jpg,0,,,,a/auditorium/sun_aanwiqttwajcevqr.jpg,,,,,,,,,,,,,,,,,,,,,
a/art_gallery/sun_abbwggenhfbftyvi.jpg,0,,,,a/auditorium/sun_aaslkqqibkansrbd.jpg,,,,,,,,,,,,,,,,,,,,,
a/attic/sun_abpxxzzjsgowyosm.jpg,0,,,,a/attic/sun_aactudyulvpeuohg.jpg,,,,,,,,,,,,,,,,,,,,,
b/banquet_hall/sun_aferuvanaztjlrbz.jpg,1,,,,a/archive/sun_aaeuwbbgnifinbli.jpg,,,,,,,,,,,,,,,,,,,,,
b/bathroom/sun_aamrfepkhweyewue.jpg,0,,,,a/archive/sun_acyhctobdkxwfssi.jpg,,,,,,,,,,,,,,,,,,,,,
b/bedroom/sun_aaaxduqfqjdvroqe.jpg,0,,,,b/ballroom/sun_abgtlgislubwmajm.jpg,,,,,,,,,,,,,,,,,,,,,
c/cafeteria/sun_acccoqddcwaqtqbz.jpg,0,b/bedroom/sun_aabmkmpbqhgzvwae.jpg,Irregular Angle,0,b/ballroom/sun_abhfeqepnmvxveyu.jpg,,,,,,,,,,,,,,,,,,,,,
c/childs_room/sun_abigoqqrjzdhsqze.jpg,0,,,,b/banquet_hall/sun_agjbqfmelgyiplyk.jpg,,,,,,,,,,,,,,,,,,,,,
c/closet/sun_abxnragferwudbgs.jpg,0,,,,b/bar/sun_aaizgqjmxfvzfkfd.jpg,,,,,,,,,,,,,,,,,,,,,
c/computer_room/sun_agncexikvmbbhejn.jpg,0,,,,b/bar/sun_aamudvxujwzvbhwy.jpg,,,,,,,,,,,,,,,,,,,,,
c/conference_room/sun_aatxlublfjchvvzu.jpg,0,,,,b/bathroom/sun_aanfwbmskfbcwpwz.jpg,,,,,,,,,,,,,,,,,,,,,
g/game_room/sun_accgcmqkndbwjwaf.jpg,1,,,,b/bistro/indoor/sun_acecokomkaljggzc.jpg,,,,,,,,,,,,,,,,,,,,,
b/ballroom/sun_abpwcweehdkefavz.jpg,0,,,,b/bistro/indoor/sun_acsefjxrxkibjqnj.jpg,,,,,,,,,,,,,,,,,,,,,
b/bistro/indoor/sun_afcofuuzebuadceo.jpg,1,,,,b/bookstore/sun_aaftscuylumjqwis.jpg,,,,,,,,,,,,,,,,,,,,,
c/classroom/sun_acnonyefptfdcngi.jpg,0,,,,b/bookstore/sun_aamyahqrczzbcohx.jpg,,,,,,,,,,,,,,,,,,,,,
c/computer_room/sun_aiwdglrsrkkfbgzz.jpg,1,,,,c/cafeteria/sun_abhnefiriurodluh.jpg,,,,,,,,,,,,,,,,,,,,,
c/closet/sun_aclfklidbahrwucc.jpg,0,,,,c/childs_room/sun_aakmxzhuceuiryah.jpg,,,,,,,,,,,,,,,,,,,,,
b/banquet_hall/sun_aiztyulbpkehylgv.jpg,0,,,,c/classroom/sun_aajmvqwpoyvbogxj.jpg,,,,,,,,,,,,,,,,,,,,,
b/banquet_hall/sun_ajwximjskdesewws.jpg,1,,,,c/classroom/sun_aampvucecsfbdafn.jpg,,,,,,,,,,,,,,,,,,,,,
b/bedroom/sun_aakynfpfyupnkxtn.jpg,0,,,,c/closet/sun_aajvwvetefyvdswg.jpg,,,,,,,,,,,,,,,,,,,,,
b/bistro/indoor/sun_alfiyxrzexmyotpv.jpg,0,,,,c/coffee_shop/sun_aaaxdnsxxacahnmy.jpg,,,,,,,,,,,,,,,,,,,,,
c/childs_room/sun_adkedrwgzxpayfqo.jpg,0,,,,c/coffee_shop/sun_abfzjlsekkcrezxp.jpg,,,,,,,,,,,,,,,,,,,,,
c/childs_room/sun_adwqqkpnurzkvqry.jpg,0,,,,c/computer_room/sun_adsueslplqfnwvqd.jpg,,,,,,,,,,,,,,,,,,,,,
c/coffee_shop/sun_aijsqpvodplbwxkf.jpg,0,,,,c/conference_room/sun_aafrfibjhnddzfmv.jpg,,,,,,,,,,,,,,,,,,,,,
c/computer_room/sun_aoqzyrievujwbfrk.jpg,0,,,,c/courtroom/sun_aakdnzlwzpnymfna.jpg,,,,,,,,,,,,,,,,,,,,,
c/conference_room/sun_adijpnhmzotvliyl.jpg,0,,,,c/courtroom/sun_aaugedpmgmtvspwc.jpg,,,,,,,,,,,,,,,,,,,,,
c/conference_room/sun_aeflqhfplnpoxkos.jpg,0,,,,d/dining_room/sun_aacjyokqtsmljphk.jpg,,,,,,,,,,,,,,,,,,,,,
d/dining_room/sun_aaytokfqmwbsyxwg.jpg,0,,,,d/dining_room/sun_aafcibphfghwjfge.jpg,,,,,,,,,,,,,,,,,,,,,
a/art_gallery/sun_acjudivxtakuozxc.jpg,0,,,,d/dorm_room/sun_abxbugsskwdajobp.jpg,,,,,,,,,,,,,,,,,,,,,
b/banquet_hall/sun_aoqhgkhpppykqmtl.jpg,0,,,,d/dorm_room/sun_aephwsldcdgahppf.jpg,,,,,,,,,,,,,,,,,,,,,
b/bedroom/sun_aaqlryzuiwjthbbd.jpg,0,,,,g/game_room/sun_acbiuwduoocolzve.jpg,,,,,,,,,,,,,,,,,,,,,
c/cafeteria/sun_aqssggexsygwqmwf.jpg,0,,,,g/gymnasium/indoor/sun_aacwuhnaioedwhfg.jpg,,,,,,,,,,,,,,,,,,,,,
c/classroom/sun_afrvtpszmdzszmri.jpg,0,,,,g/gymnasium/indoor/sun_abcrcmgvzlmqaoqy.jpg,,,,,,,,,,,,,,,,,,,,,
c/closet/sun_aropsghvegnvqogb.jpg,0,,,,a/archive/sun_adhvnlfcdoivozdt.jpg,,,,,,,,,,,,,,,,,,,,,
c/conference_room/sun_aelkukygsmxlfoka.jpg,0,,,,a/archive/sun_agdlarsiksnbixva.jpg,,,,,,,,,,,,,,,,,,,,,
c/conference_room/sun_aevuiprrhfjzbawq.jpg,0,,,,a/art_gallery/sun_abixjodfkvwhixex.jpg,,,,,,,,,,,,,,,,,,,,,
c/courtroom/sun_adbjjujrprqxejaw.jpg,0,,,,a/art_gallery/sun_abtpbbvheeduocfg.jpg,,,,,,,,,,,,,,,,,,,,,
d/dorm_room/sun_amfwdljjbcjufoyn.jpg,0,,,,a/attic/sun_acnnlxlsowybowsy.jpg,,,,,,,,,,,,,,,,,,,,,
g/game_room/sun_aisiwfgppimtnmxl.jpg,0,,,,a/attic/sun_advsashthzyhcxhl.jpg,,,,,,,,,,,,,,,,,,,,,
a/art_gallery/sun_adsuifqacujxtplt.jpg,0,,,,a/auditorium/sun_abjizyownqyjmdaf.jpg,,,,,,,,,,,,,,,,,,,,,
b/banquet_hall/sun_asdsjwayaisbuziz.jpg,0,,,,a/auditorium/sun_absrpddtnjzthozs.jpg,,,,,,,,,,,,,,,,,,,,,
b/bedroom/sun_aatcallmtwwrjdkw.jpg,0,,,,b/ballroom/sun_adevsgjkzzfqycda.jpg,,,,,,,,,,,,,,,,,,,,,
c/cafeteria/sun_aughckodglpirnxy.jpg,0,,,,b/banquet_hall/sun_ahbhfukuqujobznt.jpg,,,,,,,,,,,,,,,,,,,,,
c/childs_room/sun_afjxbnhphypluhcx.jpg,0,,,,b/banquet_hall/sun_ahlglausydyftfky.jpg,,,,,,,,,,,,,,,,,,,,,
c/closet/sun_asdrozaxqrkniyax.jpg,0,,,,b/bathroom/sun_abapwbhyhkfixyex.jpg,,,,,,,,,,,,,,,,,,,,,
c/computer_room/sun_bcjbwtorxbozcrpy.jpg,0,,,,b/bathroom/sun_abbelejiiomivyxt.jpg,,,,,,,,,,,,,,,,,,,,,
c/conference_room/sun_afawfgraaqumopgq.jpg,0,,,,b/bedroom/sun_aachvblzmqwgdghl.jpg,,,,,,,,,,,,,,,,,,,,,
c/courtroom/sun_aduhygrfpghchdch.jpg,0,,,,b/bedroom/sun_aacyfyrluprisdrx.jpg,,,,,,,,,,,,,,,,,,,,,
d/dining_room/sun_abhuepebjixhqbjw.jpg,0,,,,b/bistro/indoor/sun_aizgujpqjydqqnoe.jpg,,,,,,,,,,,,,,,,,,,,,
g/gymnasium/indoor/sun_ahttvbqiuqabbtze.jpg,0,,,,b/bookstore/sun_aargkmclqysoscjq.jpg,,,,,,,,,,,,,,,,,,,,,
b/ballroom/sun_afzeduaokwsebrwv.jpg,0,,,,b/bookstore/sun_abjhbqcjyphhqemi.jpg,,,,,,,,,,,,,,,,,,,,,
b/ballroom/sun_ageutxkjhkglitcq.jpg,0,,,,c/cafeteria/sun_afvwfsmqkjrutjta.jpg,,,,,,,,,,,,,,,,,,,,,
c/conference_room/sun_agyrlleazkdvpwli.jpg,0,,,,c/cafeteria/sun_aiycurtqsfkvcaso.jpg,,,,,,,,,,,,,,,,,,,,,
a/attic/sun_ahhwiwyqpnvwrink.jpg,0,,,,c/childs_room/sun_abtmzustclypelar.jpg,,,,,,,,,,,,,,,,,,,,,
b/bedroom/sun_aaxspwgpppcwlqht.jpg,0,,,,c/childs_room/sun_acjnahdmqfnjfwqx.jpg,,,,,,,,,,,,,,,,,,,,,
c/childs_room/sun_agnmfzezyuawodry.jpg,0,,,,c/classroom/sun_aaxmbromxzjleqcn.jpg,,,,,,,,,,,,,,,,,,,,,
c/classroom/sun_alkwqnvmvmjccden.jpg,0,,,,c/coffee_shop/sun_abjrtdufnwfcxibg.jpg,,,,,,,,,,,,,,,,,,,,,
c/closet/sun_azlmgeqekovfaecg.jpg,0,,,,c/coffee_shop/sun_addoacyezwcmefxq.jpg,,,,,,,,,,,,,,,,,,,,,
c/courtroom/sun_ahrushzujkatlsxx.jpg,0,,,,c/computer_room/sun_amxlqewapcgcwbhd.jpg,,,,,,,,,,,,,,,,,,,,,
g/game_room/sun_aoqfcxjpicgkpsna.jpg,0,,,,c/closet/sun_adzhzkylfaxitaxs.jpg,,,,,,,,,,,,,,,,,,,,,
g/gymnasium/indoor/sun_ajhgyizucknowlhm.jpg,1,,,,c/conference_room/sun_abpqxslcljhrwmck.jpg,,,,,,,,,,,,,,,,,,,,,
a/attic/sun_aiivdbtoezmnsmjr.jpg,0,,,,c/conference_room/sun_adiggzeeoelemtda.jpg,,,,,,,,,,,,,,,,,,,,,
b/ballroom/sun_aixpqndlwhwjtjek.jpg,0,,,,c/courtroom/sun_aboglfsswwlehlcd.jpg,,,,,,,,,,,,,,,,,,,,,
b/ballroom/sun_ajgdrafximiumjpw.jpg,0,,,,c/courtroom/sun_abvxfpdfavvtxhtv.jpg,,,,,,,,,,,,,,,,,,,,,
b/bedroom/sun_aaypslyfdcidysca.jpg,0,,,,d/dining_room/sun_aakxgygjfqrzpyoz.jpg,,,,,,,,,,,,,,,,,,,,,
c/childs_room/sun_ahkqsebojontjojs.jpg,0,,,,d/dining_room/sun_aamyeqrmvlvyrsfl.jpg,,,,,,,,,,,,,,,,,,,,,
c/classroom/sun_amqtfsnvzjtdpvvm.jpg,0,,,,d/dorm_room/sun_agxpeiucxjekgexx.jpg,,,,,,,,,,,,,,,,,,,,,
c/closet/sun_azwatwrprcgcszoi.jpg,0,,,,d/dorm_room/sun_ahjpzxukfmvowhzs.jpg,,,,,,,,,,,,,,,,,,,,,
c/conference_room/sun_ajnrakzwcfnluodd.jpg,0,,,,g/game_room/sun_agohagkktlsurgyb.jpg,,,,,,,,,,,,,,,,,,,,,
c/conference_room/sun_ajntoxeeavyhzizf.jpg,0,,,,g/game_room/sun_agqldjbhbumjwwpu.jpg,,,,,,,,,,,,,,,,,,,,,
d/dining_room/sun_acarwioytheufnic.jpg,0,,,,g/gymnasium/indoor/sun_abnllqsyfinunytt.jpg,,,,,,,,,,,,,,,,,,,,,
d/dorm_room/sun_augjaymuxcmlinry.jpg,0,,,,g/gymnasium/indoor/sun_abqhiqdaexyaeuny.jpg,,,,,,,,,,,,,,,,,,,,,
a/attic/sun_akxmlxalrwxzeggl.jpg,0,,,,a/archive/sun_agqbdbyvklmicrdo.jpg,,,,,,,,,,,,,,,,,,,,,
b/banquet_hall/sun_baphkzwyhkodgwey.jpg,0,,,,a/archive/sun_ahfanmrsqswzsiga.jpg,,,,,,,,,,,,,,,,,,,,,
b/banquet_hall/sun_bbftfwehzkyzhxvr.jpg,0,,,,a/art_gallery/sun_acaehsdwgiryoyhe.jpg,,,,,,,,,,,,,,,,,,,,,
b/bedroom/sun_aazezsbjqxzmlvcs.jpg,0,,,,a/art_gallery/sun_acepkfxenxxrdxnc.jpg,,,,,,,,,,,,,,,,,,,,,
b/bedroom/sun_abcjxvviqsjjwuao.jpg,0,,,,a/attic/sun_aekrzoyersdznuoh.jpg,,,,,,,,,,,,,,,,,,,,,
b/bistro/indoor/sun_autkhzprnybbaefd.jpg,0,,,,a/attic/sun_aenydktevfforvvx.jpg,,,,,,,,,,,,,,,,,,,,,
c/childs_room/sun_aizwhvugeheylpiv.jpg,0,,,,a/auditorium/sun_abufkgwvilfzdqys.jpg,,,,,,,,,,,,,,,,,,,,,
c/classroom/sun_aoeuisfumiaqvwtd.jpg,0,,,,a/auditorium/sun_adqmjrhfjyuzyvdd.jpg,,,,,,,,,,,,,,,,,,,,,
c/computer_room/sun_bsabhbpgrjiqyutv.jpg,0,,,,b/ballroom/sun_adtwdeemzgsqwpgv.jpg,,,,,,,,,,,,,,,,,,,,,
c/computer_room/sun_bvgqxvgsujafjmyh.jpg,0,,,,b/ballroom/sun_aemxesgdyozdgoep.jpg,,,,,,,,,,,,,,,,,,,,,
c/computer_room/sun_bvzbhnkzaolxfcnn.jpg,0,,,,b/bar/sun_aasaqluckpsuwwdp.jpg,,,,,,,,,,,,,,,,,,,,,
c/computer_room/sun_bxqjtdqtarogqpab.jpg,0,,,,b/bar/sun_aassdjddcuglcdgd.jpg,,,,,,,,,,,,,,,,,,,,,
c/conference_room/sun_algbdbgevjbuuufg.jpg,0,,,,b/bathroom/sun_abgsbuwrvbmdookd.jpg,,,,,,,,,,,,,,,,,,,,,
c/conference_room/sun_anbgggjonxeqguhh.jpg,0,,,,b/bathroom/sun_abhnyacoyqivxpfs.jpg,,,,,,,,,,,,,,,,,,,,,
d/dorm_room/sun_bepxaqgzuwlkjzge.jpg,0,,,,b/bedroom/sun_aaewcdjenprecvoc.jpg,,,,,,,,,,,,,,,,,,,,,
d/dorm_room/sun_bmuvfydunudkjwgy.jpg,0,,,,b/bistro/indoor/sun_akpryjqfchjkeqml.jpg,,,,,,,,,,,,,,,,,,,,,
d/dorm_room/sun_bzgiwesrddaqjdbp.jpg,0,,,,b/bookstore/sun_abnhxmvpzdnkabtb.jpg,,,,,,,,,,,,,,,,,,,,,
d/dorm_room/sun_bzqzzzcwdlfjmozr.jpg,0,,,,b/bookstore/sun_aboodstwxbbpwpve.jpg,,,,,,,,,,,,,,,,,,,,,
d/dorm_room/sun_bzudartukulonpcw.jpg,0,,,,c/cafeteria/sun_ajdsuuanziclbdcg.jpg,,,,,,,,,,,,,,,,,,,,,
a/attic/sun_anewfsuulygfdumb.jpg,1,,,,c/cafeteria/sun_anuihrfqjihibupa.jpg,,,,,,,,,,,,,,,,,,,,,
b/banquet_hall/sun_bbsocoelsihaofzb.jpg,1,,,,c/childs_room/sun_adebzxdwscwbmdna.jpg,,,,,,,,,,,,,,,,,,,,,
b/bathroom/sun_aelqkybtlofguetl.jpg,0,,,,c/classroom/sun_adchfnmjcctrqrfk.jpg,,,,,,,,,,,,,,,,,,,,,
b/bistro/indoor/sun_blyydilsbbceucjh.jpg,0,,,,c/classroom/sun_afjtbiejvgjbzjce.jpg,,,,,,,,,,,,,,,,,,,,,
c/childs_room/sun_ajuilspzkrogrlvd.jpg,0,,,,c/closet/sun_ahxoeplefibotqgp.jpg,,,,,,,,,,,,,,,,,,,,,
c/classroom/sun_aqqyskbhdqyiadkx.jpg,0,,,,c/closet/sun_aoxfizxdmlaotdgc.jpg,,,,,,,,,,,,,,,,,,,,,
c/classroom/sun_asfpmuukmocwisil.jpg,0,,,,c/coffee_shop/sun_ajwnburtukssxfob.jpg,,,,,,,,,,,,,,,,,,,,,
c/classroom/sun_aueyzlbrocczurev.jpg,0,,,,c/computer_room/sun_anplkvpfjuzxhnjx.jpg,,,,,,,,,,,,,,,,,,,,,
c/classroom/sun_bevwaumygzyeixom.jpg,0,,,,c/courtroom/sun_acaickxtdoztreyd.jpg,,,,,,,,,,,,,,,,,,,,,
c/classroom/sun_blwkmhblbzypyozq.jpg,0,,,,c/courtroom/sun_acvegteldbidcbkv.jpg,,,,,,,,,,,,,,,,,,,,,
c/classroom/sun_bykurgwrxpwfeyyb.jpg,0,,,,d/dining_room/sun_aaxopsxiavhyxqlp.jpg,,,,,,,,,,,,,,,,,,,,,
c/conference_room/sun_andgntbrlgtaapce.jpg,0,,,,d/dorm_room/sun_ajfbkseahibknawg.jpg,,,,,,,,,,,,,,,,,,,,,
b/ballroom/sun_arbumkambvvquurr.jpg,0,,,,d/dorm_room/sun_ajuamprmtezmflcj.jpg,,,,,,,,,,,,,,,,,,,,,
/b/ballroom/sun_asruokulxwqhtwfr.jpg,0,,,,g/game_room/sun_agunwigzbofxpxaj.jpg,,,,,,,,,,,,,,,,,,,,,
b/ballroom/sun_axigypqteikkposh.jpg,0,,,,g/game_room/sun_ailjrxvihgzjbjdo.jpg,,,,,,,,,,,,,,,,,,,,,
b/ballroom/sun_bvcpfpykytbdwitw.jpg,0,,,,a/archive/sun_ahnrxnofqdmjfqfa.jpg,,,,,,,,,,,,,,,,,,,,,
b/ballroom/sun_bzbvrnhhyzzqefyg.jpg,0,,,,a/archive/sun_ahryflwbskdcynfa.jpg,,,,,,,,,,,,,,,,,,,,,
c/conference_room/sun_aoiirzuvryqxjzyk.jpg,0,,,,a/art_gallery/sun_addfnktigwavsygq.jpg,,,,,,,,,,,,,,,,,,,,,
d/dining_room/sun_acyskgdcspeksdsf.jpg,0,,,,a/attic/sun_aerbsojsposntjwk.jpg,,,,,,,,,,,,,,,,,,,,,
g/game_room/sun_axdffaditleitfnb.jpg,0,,,,a/attic/sun_afenxiorexeteadd.jpg,,,,,,,,,,,,,,,,,,,,,
a/attic/sun_aqewzcnpegdocvzp.jpg,0,,,,a/auditorium/sun_adribnqbublgvuqu.jpg,,,,,,,,,,,,,,,,,,,,,
b/bedroom/sun_abpmyykpuijkvxbq.jpg,0,,,,a/auditorium/sun_adrsqcjiyrytmeui.jpg,,,,,,,,,,,,,,,,,,,,,
c/conference_room/sun_asabytexlsfwwhxb.jpg,0,,,,b/ballroom/sun_aeppyrikjpqttphn.jpg,,,,,,,,,,,,,,,,,,,,,
c/conference_room/sun_atakuujgxgmwsgfl.jpg,0,,,,b/ballroom/sun_aeuywdtibjxifjvw.jpg,,,,,,,,,,,,,,,,,,,,,
d/dining_room/sun_adeuqrerrvphobkr.jpg,0,,,,b/banquet_hall/sun_aooaqzputrowwbsw.jpg,,,,,,,,,,,,,,,,,,,,,
b/bedroom/sun_abrhkarfcgxagyes.jpg,0,,,,b/bar/sun_aaueyvqsrzajxbrk.jpg,,,,,,,,,,,,,,,,,,,,,
c/childs_room/sun_amcodlddezlgcasb.jpg,0,,,,b/bar/sun_aausgksnbgcwyejt.jpg,,,,,,,,,,,,,,,,,,,,,
c/conference_room/sun_atqlvvytuqufgcxc.jpg,0,,,,b/bathroom/sun_abtukhmkjdzyfxhr.jpg,,,,,,,,,,,,,,,,,,,,,
b/banquet_hall/sun_bdqmgymlumduelnn.jpg,0,,,,b/bathroom/sun_abuoptlwhnvisxxa.jpg,,,,,,,,,,,,,,,,,,,,,
b/bedroom/sun_acaowsylrnrdzonc.jpg,0,,,,b/bedroom/sun_aargjckpqizjlath.jpg,,,,,,,,,,,,,,,,,,,,,
b/bedroom/sun_aclmoxwmazctsgls.jpg,0,,,,b/bistro/indoor/sun_andeaxylfncfxshv.jpg,,,,,,,,,,,,,,,,,,,,,
b/bedroom/sun_aclxaowhmcjxxyup.jpg,0,,,,b/bistro/indoor/sun_aoxkvhzxaawtiamo.jpg,,,,,,,,,,,,,,,,,,,,,
b/bedroom/sun_acpuictxvpnvhubp.jpg,0,,,,b/bookstore/sun_abplniukmnbsfcom.jpg,,,,,,,,,,,,,,,,,,,,,
b/bookstore/sun_atzmhhufzptsccrw.jpg,0,,,,b/bookstore/sun_acwbnyjhrxwnabmq.jpg,,,,,,,,,,,,,,,,,,,,,
c/childs_room/sun_amsnpilufjouvhym.jpg,0,,,,c/cafeteria/sun_arffswsownvhvxjz.jpg,,,,,,,,,,,,,,,,,,,,,
d/dining_room/sun_admdipyezociwqla.jpg,0,,,,c/childs_room/sun_aesugimhzmlttmiu.jpg,,,,,,,,,,,,,,,,,,,,,
g/game_room/sun_bcjxyczroqzvrngs.jpg,0,,,,c/childs_room/sun_afcfsygynivshgme.jpg,,,,,,,,,,,,,,,,,,,,,
d/dining_room/sun_adswslrmlsloyrda.jpg,0,,,,c/classroom/sun_afsaznwuegewffmj.jpg,,,,,,,,,,,,,,,,,,,,,
g/game_room/sun_besxqxmjtfylxcjj.jpg,0,,,,c/closet/sun_arvopxqzbbmiggcc.jpg,,,,,,,,,,,,,,,,,,,,,
g/game_room/sun_bxrqsmahvkiygfri.jpg,0,,,,c/coffee_shop/sun_akfawtvjhtaaxqwh.jpg,,,,,,,,,,,,,,,,,,,,,
a/auditorium/sun_ajlruzowqbseivyc.jpg,0,,,,c/coffee_shop/sun_akrcxelfbwlkxfsu.jpg,,,,,,,,,,,,,,,,,,,,,
b/bedroom/sun_acrzlmezpcezarjf.jpg,0,,,,c/computer_room/sun_apdrvgnmfoqlgtey.jpg,,,,,,,,,,,,,,,,,,,,,
c/conference_room/sun_avnaywgndkfmwpmt.jpg,0,,,,c/computer_room/sun_atznfxhjiiugbvxi.jpg,,,,,,,,,,,,,,,,,,,,,
c/conference_room/sun_avpnxhlmsphuonwe.jpg,0,,,,c/courtroom/sun_acwsuwzwqqkeiwrc.jpg,,,,,,,,,,,,,,,,,,,,,
a/art_gallery/sun_aoicjknpxndygjps.jpg,0,,,,d/dining_room/sun_aazndbnbmcvfgefc.jpg,,,,,,,,,,,,,,,,,,,,,
a/attic/sun_axkgbgelgnzfaual.jpg,0,,,,d/dining_room/sun_abewvehvimhbcxgu.jpg,,,,,,,,,,,,,,,,,,,,,
a/attic/sun_cpogtxxjhsrgczki.jpg,0,,,,d/dorm_room/sun_alkizfoxnkxyohjo.jpg,,,,,,,,,,,,,,,,,,,,,
a/attic/sun_cwnlxysnvrjqakcp.jpg,0,,,,g/game_room/sun_aiotraebnavlurie.jpg,,,,,,,,,,,,,,,,,,,,,
a/auditorium/sun_akjiyocmwpxbqjch.jpg,0,,,,g/gymnasium/indoor/sun_afcodejtrwimbcak.jpg,,,,,,,,,,,,,,,,,,,,,
b/banquet_hall/sun_bgzvgkeswjhfxjmf.jpg,0,,,,g/gymnasium/indoor/sun_afqlxfmsavhjuplt.jpg,,,,,,,,,,,,,,,,,,,,,
b/bedroom/sun_acttzoqraeosaemt.jpg,0,,,,a/archive/sun_ahtjyrnmufhrnvmm.jpg,,,,,,,,,,,,,,,,,,,,,
b/bedroom/sun_acuwiohfaielluxt.jpg,0,,,,a/archive/sun_aifolnuabdesejcr.jpg,,,,,,,,,,,,,,,,,,,,,
b/bedroom/sun_acvikfymjcoxwypo.jpg,0,,,,a/art_gallery/sun_adzczttdzzghszdl.jpg,,,,,,,,,,,,,,,,,,,,,
c/childs_room/sun_apefycqehqrwucgo.jpg,0,,,,a/attic/sun_afgxlvjkxyqfplnu.jpg,,,,,,,,,,,,,,,,,,,,,
c/childs_room/sun_apileznnbbmrwoei.jpg,0,,,,a/attic/sun_afhbpvnfumhofmsq.jpg,,,,,,,,,,,,,,,,,,,,,
c/childs_room/sun_aqhjlanuytugdhwl.jpg,0,,,,a/auditorium/sun_aebhjdgndgkrleut.jpg,,,,,,,,,,,,,,,,,,,,,
c/childs_room/sun_aqkwcvqvtzjdvuec.jpg,0,,,,a/auditorium/sun_aedwoxkklqrdvfft.jpg,,,,,,,,,,,,,,,,,,,,,
c/conference_room/sun_avqetexixplnmtde.jpg,0,,,,b/ballroom/sun_aeyxnsjrnbdhbesx.jpg,,,,,,,,,,,,,,,,,,,,,
c/conference_room/sun_awtzhouicgildphs.jpg,0,,,,b/ballroom/sun_afbwnojpqeyzssoe.jpg,,,,,,,,,,,,,,,,,,,,,
c/conference_room/sun_axfgsbsnhmlrqevs.jpg,0,,,,b/banquet_hall/sun_aprnrbmgkomdbchr.jpg,,,,,,,,,,,,,,,,,,,,,
d/dining_room/sun_aexensgltfjdgruu.jpg,0,,,,b/bar/sun_aauufafzgahfkwht.jpg,,,,,,,,,,,,,,,,,,,,,
g/gymnasium/indoor/sun_avaldgbhpkacnjfn.jpg,0,,,,b/bar/sun_aazpkbhwqgsxyckh.jpg,,,,,,,,,,,,,,,,,,,,,
b/banquet_hall/sun_bixcebuvjzhmuewt.jpg,0,,,,b/bathroom/sun_acegryoqftbzowsg.jpg,,,,,,,,,,,,,,,,,,,,,
b/bedroom/sun_acxuizlxftdtfsqb.jpg,0,,,,b/bathroom/sun_acgyywnybuveqsro.jpg,,,,,,,,,,,,,,,,,,,,,
c/childs_room/sun_aqpetjurdqbaajlc.jpg,0,,,,b/bedroom/sun_aattwvxwghyopbyp.jpg,,,,,,,,,,,,,,,,,,,,,
c/childs_room/sun_aslsttlwbnbjieik.jpg,0,,,,b/bistro/indoor/sun_apcpviwezdkgviyk.jpg,,,,,,,,,,,,,,,,,,,,,
c/childs_room/sun_asqlzftyakrovxdc.jpg,0,,,,b/bistro/indoor/sun_apmmcgspumtowglq.jpg,,,,,,,,,,,,,,,,,,,,,
c/childs_room/sun_atokeuriienvadmo.jpg,0,,,,b/bookstore/sun_adlzdlrzdgullfng.jpg,,,,,,,,,,,,,,,,,,,,,
c/conference_room/sun_axknweulalmolbck.jpg,0,,,,b/bookstore/sun_adtdsirnuvpcicuk.jpg,,,,,,,,,,,,,,,,,,,,,
c/conference_room/sun_axmmgcsxwtsmadxu.jpg,0,,,,c/cafeteria/sun_asfbencbwhdfcktu.jpg,,,,,,,,,,,,,,,,,,,,,
c/conference_room/sun_axqymxhexnxsuxzp.jpg,0,,,,c/childs_room/sun_aftlaosbsurftrmq.jpg,,,,,,,,,,,,,,,,,,,,,
d/dining_room/sun_aeyimbcwizastcrg.jpg,0,,,,c/classroom/sun_afwmcwpaalqqpjsx.jpg,,,,,,,,,,,,,,,,,,,,,
d/dining_room/sun_aeynrahgsovgbhzl.jpg,0,,,,c/classroom/sun_aiouiophdojjljpk.jpg,,,,,,,,,,,,,,,,,,,,,
d/dining_room/sun_aezzjwzdaejeuthc.jpg,0,,,,c/closet/sun_arzmpdjwpumbfnmp.jpg,,,,,,,,,,,,,,,,,,,,,
g/gymnasium/indoor/sun_axinksamqqkuscfi.jpg,0,,,,c/coffee_shop/sun_angldccjeajbnlnp.jpg,,,,,,,,,,,,,,,,,,,,,
a/art_gallery/sun_asosyabeygjnhtxh.jpg,0,,,,c/coffee_shop/sun_aolzmhnczhuwypof.jpg,,,,,,,,,,,,,,,,,,,,,
b/banquet_hall/sun_bjaaftuibfpyjgdw.jpg,0,,,,c/computer_room/sun_awhzcthnpippjbhr.jpg,,,,,,,,,,,,,,,,,,,,,
b/banquet_hall/sun_bjvozqfcdzzwtobu.jpg,0,,,,c/conference_room/sun_afuxtcmpnmheomyt.jpg,,,,,,,,,,,,,,,,,,,,,
b/bedroom/sun_adcpntvpskmemljf.jpg,0,,,,c/courtroom/sun_aecebtxqtijlfkxk.jpg,,,,,,,,,,,,,,,,,,,,,
b/bedroom/sun_adilgvemwplwgfxt.jpg,0,,,,d/dining_room/sun_abjopvvghwmmxgnk.jpg,,,,,,,,,,,,,,,,,,,,,
b/bedroom/sun_admrfrebdmhtixjs.jpg,0,,,,d/dorm_room/sun_aojtoledjenjiglk.jpg,,,,,,,,,,,,,,,,,,,,,
c/childs_room/sun_avtyflvlzqycaiad.jpg,0,,,,d/dorm_room/sun_aqpvskxpfspvkhkd.jpg,,,,,,,,,,,,,,,,,,,,,
c/conference_room/sun_axunbbrntdkjggzo.jpg,0,,,,g/game_room/sun_alenzsallyvacpiw.jpg,,,,,,,,,,,,,,,,,,,,,
d/dining_room/sun_afreylkbifiqvskh.jpg,0,,,,g/game_room/sun_alqapjtbthzsxzbp.jpg,,,,,,,,,,,,,,,,,,,,,
a/art_gallery/sun_avwdbffyrhqzfint.jpg,0,,,,g/gymnasium/indoor/sun_agshclirsvlbtrmd.jpg,,,,,,,,,,,,,,,,,,,,,
b/banquet_hall/sun_bkoqbvbczpizkgwp.jpg,0,,,,a/archive/sun_aigzgocehvnlatkz.jpg,,,,,,,,,,,,,,,,,,,,,
b/banquet_hall/sun_blfsgcczzwtdxlvc.jpg,0,,,,a/archive/sun_alolhoyklcitzywn.jpg,,,,,,,,,,,,,,,,,,,,,
b/bathroom/sun_alhudcwaxyqjjlsk.jpg,0,,,,a/art_gallery/sun_aerqspuagjngdqub.jpg,,,,,,,,,,,,,,,,,,,,,
c/conference_room/sun_bbeepcwmuijibnuh.jpg,0,,,,a/art_gallery/sun_afcbhuilrveqfjsq.jpg,,,,,,,,,,,,,,,,,,,,,
c/conference_room/sun_bbnhparrpdjbczqw.jpg,0,,,,a/attic/sun_agvsbntavnrmieks.jpg,,,,,,,,,,,,,,,,,,,,,
c/conference_room/sun_bbpoakgwtgovqord.jpg,0,,,,a/attic/sun_ahbdjiqriviquheg.jpg,,,,,,,,,,,,,,,,,,,,,
d/dining_room/sun_agivzozuwzewtpmv.jpg,0,,,,a/auditorium/sun_aezsopcwwixbobde.jpg,,,,,,,,,,,,,,,,,,,,,
d/dining_room/sun_agkrbfeqnqgfyaxd.jpg,0,,,,a/auditorium/sun_afazspqfjgjgzila.jpg,,,,,,,,,,,,,,,,,,,,,
a/auditorium/sun_aohltruoavqyblmn.jpg,0,,,,b/banquet_hall/sun_asrbawhdqanwqnpt.jpg,,,,,,,,,,,,,,,,,,,,,
b/banquet_hall/sun_blylcqvqdjmoeuoz.jpg,0,,,,b/banquet_hall/sun_avcmktwxdhlpwbmy.jpg,,,,,,,,,,,,,,,,,,,,,
b/bathroom/sun_aljolscmmzydegqp.jpg,0,,,,b/bar/sun_absgqjcdcxdskrth.jpg,,,,,,,,,,,,,,,,,,,,,
b/bedroom/sun_adzbkrvisvmtpxee.jpg,0,,,,b/bar/sun_abvngyplriadpgmx.jpg,,,,,,,,,,,,,,,,,,,,,
b/bedroom/sun_aebtaahxpldhjrna.jpg,0,,,,b/bathroom/sun_aclwhfjxedvxghzx.jpg,,,,,,,,,,,,,,,,,,,,,
c/conference_room/sun_bcczthproeqlsbqx.jpg,0,,,,b/bathroom/sun_acmmnnuulzshiwxd.jpg,,,,,,,,,,,,,,,,,,,,,
d/dining_room/sun_agtplbzvdribttal.jpg,0,,,,b/bedroom/sun_aauztxdxscsdwuex.jpg,,,,,,,,,,,,,,,,,,,,,
a/art_gallery/sun_bfhnnmxsxulgbhll.jpg,0,,,,b/bedroom/sun_aawlhrzlsdywldmq.jpg,,,,,,,,,,,,,,,,,,,,,
b/bathroom/sun_alotolagknyrgtsk.jpg,0,,,,b/bistro/indoor/sun_apsqercehvarpxaq.jpg,,,,,,,,,,,,,,,,,,,,,
b/bathroom/sun_amfzhbvtrslclwdb.jpg,0,,,,b/bistro/indoor/sun_arxaatvjubuclqbe.jpg,,,,,,,,,,,,,,,,,,,,,
b/bedroom/sun_aeczgaoxqprdbdwp.jpg,0,,,,b/bookstore/sun_aepqaxgtssrgttvn.jpg,,,,,,,,,,,,,,,,,,,,,
c/conference_room/sun_bcsvszojgjjcexnu.jpg,0,,,,b/bookstore/sun_aezpvaqhniouefcw.jpg,,,,,,,,,,,,,,,,,,,,,
c/conference_room/sun_bcvjnccckrkbgwsx.jpg,0,,,,c/cafeteria/sun_auyobjkbatabqurd.jpg,,,,,,,,,,,,,,,,,,,,,
c/conference_room/sun_bcwlkokslneyyhoe.jpg,0,,,,c/cafeteria/sun_awfuyskqvgxeavmc.jpg,,,,,,,,,,,,,,,,,,,,,
b/bedroom/sun_aeilpuzjvdcuekcy.jpg,0,,,,c/cafeteria/sun_awuzcxkgwdvatarh.jpg,,,,,,,,,,,,,,,,,,,,,
,,,,,c/childs_room/sun_agcewandoxrzhrfo.jpg,,,,,,,,,,,,,,,,,,,,,
,,,,,c/childs_room/sun_agjrsbknrngzzjwm.jpg,,,,,,,,,,,,,,,,,,,,,
,,,,,c/classroom/sun_ajfbepbjcjhpjrva.jpg,,,,,,,,,,,,,,,,,,,,,
,,,,,c/classroom/sun_akfevbgsrjuqfsom.jpg,,,,,,,,,,,,,,,,,,,,,
,,,,,c/closet/sun_axiodxlcauklnxet.jpg,,,,,,,,,,,,,,,,,,,,,
,,,,,c/closet/sun_axqukzqbrnoxfnkx.jpg,,,,,,,,,,,,,,,,,,,,,
,,,,,c/coffee_shop/sun_asgxfpillbilpnpw.jpg,,,,,,,,,,,,,,,,,,,,,
,,,,,c/coffee_shop/sun_atvwhlxbhcqnqzok.jpg,,,,,,,,,,,,,,,,,,,,,
,,,,,c/computer_room/sun_bdwpxbuhmjhmtfem.jpg,,,,,,,,,,,,,,,,,,,,,
,,,,,c/computer_room/sun_bihcunupkhwbhpry.jpg,,,,,,,,,,,,,,,,,,,,,
,,,,,c/conference_room/sun_agpjejdulsdbwasb.jpg,,,,,,,,,,,,,,,,,,,,,
,,,,,c/courtroom/sun_aewjcambtfefmppg.jpg,,,,,,,,,,,,,,,,,,,,,
,,,,,c/courtroom/sun_afluljpxrwpgtexy.jpg,,,,,,,,,,,,,,,,,,,,,
,,,,,d/dining_room/sun_abkefszhczzqooud.jpg,,,,,,,,,,,,,,,,,,,,,
,,,,,d/dining_room/sun_ablexpjqlmuiqxtp.jpg,,,,,,,,,,,,,,,,,,,,,
,,,,,d/dorm_room/sun_ardbxcoewmlhbiej.jpg,,,,,,,,,,,,,,,,,,,,,
,,,,,d/dorm_room/sun_asnpptolihdvezok.jpg,,,,,,,,,,,,,,,,,,,,,
,,,,,g/game_room/sun_anniroqmstjhplgz.jpg,,,,,,,,,,,,,,,,,,,,,
,,,,,g/game_room/sun_anuvgconigmgekpe.jpg,,,,,,,,,,,,,,,,,,,,,
,,,,,g/gymnasium/indoor/sun_ahvwdpyazlhujqzj.jpg,,,,,,,,,,,,,,,,,,,,,
,,,,,g/gymnasium/indoor/sun_aidgobstfizcdaer.jpg,,,,,,,,,,,,,,,,,,,,,
,,,,,a/archive/sun_aqifqmteeaimvgjm.jpg,,,,,,,,,,,,,,,,,,,,,
,,,,,a/archive/sun_arcgdgvldmkujese.jpg,,,,,,,,,,,,,,,,,,,,,
,,,,,a/art_gallery/sun_afurwgdkkgnfxosg.jpg,,,,,,,,,,,,,,,,,,,,,
,,,,,a/art_gallery/sun_afyisxfqpfufwuxe.jpg,,,,,,,,,,,,,,,,,,,,,
,,,,,a/attic/sun_ahpepukalxionuhl.jpg,,,,,,,,,,,,,,,,,,,,,
,,,,,a/auditorium/sun_afgggholszzjwjwp.jpg,,,,,,,,,,,,,,,,,,,,,
,,,,,a/auditorium/sun_aflgfyywvxbpeyxl.jpg,,,,,,,,,,,,,,,,,,,,,
,,,,,b/ballroom/sun_ahgdnkirfiwtbhyb.jpg,,,,,,,,,,,,,,,,,,,,,
,,,,,b/ballroom/sun_ailldlslexnaqxwc.jpg,,,,,,,,,,,,,,,,,,,,,
,,,,,b/banquet_hall/sun_ayawlpaqfinlbxan.jpg,,,,,,,,,,,,,,,,,,,,,
,,,,,b/banquet_hall/sun_bajsfnjsaqdunpdp.jpg,,,,,,,,,,,,,,,,,,,,,
,,,,,b/bar/sun_abymyrmxtafjsxnx.jpg,,,,,,,,,,,,,,,,,,,,,
,,,,,b/bar/sun_accdilyxgqzaucjj.jpg,,,,,,,,,,,,,,,,,,,,,
,,,,,b/bathroom/sun_acrquiwuwhavnnmi.jpg,,,,,,,,,,,,,,,,,,,,,
,,,,,b/bathroom/sun_adcphrizvfpljiqt.jpg,,,,,,,,,,,,,,,,,,,,,
,,,,,b/bedroom/sun_aawnyrlracbujjia.jpg,,,,,,,,,,,,,,,,,,,,,
,,,,,b/bistro/indoor/sun_ascwmchntsjrueez.jpg,,,,,,,,,,,,,,,,,,,,,
,,,,,b/bistro/indoor/sun_asjtzmwjvhqryqsz.jpg,,,,,,,,,,,,,,,,,,,,,
,,,,,b/bookstore/sun_afhaekubmjvpmvre.jpg,,,,,,,,,,,,,,,,,,,,,
,,,,,b/bookstore/sun_afjbvgumrbkdhexc.jpg,,,,,,,,,,,,,,,,,,,,,
,,,,,c/cafeteria/sun_bkrprvlzclwjxsbf.jpg,,,,,,,,,,,,,,,,,,,,,
,,,,,c/cafeteria/sun_bntpdimsgaumhkzj.jpg,,,,,,,,,,,,,,,,,,,,,
,,,,,c/childs_room/sun_agqdwffovjxpheoi.jpg,,,,,,,,,,,,,,,,,,,,,
,,,,,c/classroom/sun_alkleukyvllntogj.jpg,,,,,,,,,,,,,,,,,,,,,
,,,,,c/closet/sun_azjdnotizomfsdad.jpg,,,,,,,,,,,,,,,,,,,,,
,,,,,c/coffee_shop/sun_azmtnxfsgfcczfrx.jpg,,,,,,,,,,,,,,,,,,,,,
,,,,,c/coffee_shop/sun_azutmdnjeyfwgtlw.jpg,,,,,,,,,,,,,,,,,,,,,
,,,,,c/computer_room/sun_bkdqpoudamxnyqmn.jpg,,,,,,,,,,,,,,,,,,,,,
,,,,,c/computer_room/sun_bnmsfnrfbvwbgmnv.jpg,,,,,,,,,,,,,,,,,,,,,
,,,,,c/conference_room/sun_ahrhvhpfqvtapops.jpg,,,,,,,,,,,,,,,,,,,,,
,,,,,c/conference_room/sun_ahyrwizsambxduqq.jpg,,,,,,,,,,,,,,,,,,,,,
,,,,,c/courtroom/sun_afqlcjnhkfktwyyq.jpg,,,,,,,,,,,,,,,,,,,,,
,,,,,d/dining_room/sun_abqsgnutwaclmrqx.jpg,,,,,,,,,,,,,,,,,,,,,
,,,,,d/dining_room/sun_abuamwykkawmbxvt.jpg,,,,,,,,,,,,,,,,,,,,,
,,,,,d/dorm_room/sun_asunywryczuykdmo.jpg,,,,,,,,,,,,,,,,,,,,,
,,,,,d/dorm_room/sun_atxghrvwsluwcqqh.jpg,,,,,,,,,,,,,,,,,,,,,
,,,,,g/game_room/sun_aoihskzhczurzgyg.jpg,,,,,,,,,,,,,,,,,,,,,
,,,,,g/gymnasium/indoor/sun_aidncqsapnnyqell.jpg,,,,,,,,,,,,,,,,,,,,,
,,,,,a/archive/sun_ascrvwtifkapmxvg.jpg,,,,,,,,,,,,,,,,,,,,,
,,,,,a/archive/sun_athpgttiyybbnzum.jpg,,,,,,,,,,,,,,,,,,,,,
,,,,,a/art_gallery/sun_afzrcqdvypkimtsz.jpg,,,,,,,,,,,,,,,,,,,,,
,,,,,a/art_gallery/sun_ahglbxqojeofhiua.jpg,,,,,,,,,,,,,,,,,,,,,
,,,,,a/attic/sun_akanpybdlghirgvf.jpg,,,,,,,,,,,,,,,,,,,,,
,,,,,a/auditorium/sun_afqgwrcmykbqbdrv.jpg,,,,,,,,,,,,,,,,,,,,,
,,,,,a/auditorium/sun_agakaoibdnzsemzp.jpg,,,,,,,,,,,,,,,,,,,,,
,,,,,b/ballroom/sun_aiozxhxgtfrmoagh.jpg,,,,,,,,,,,,,,,,,,,,,
,,,,,b/ballroom/sun_aiuwsylhrnnynvlf.jpg,,,,,,,,,,,,,,,,,,,,,
,,,,,b/banquet_hall/sun_bamdtqvmzkmjgivi.jpg,,,,,,,,,,,,,,,,,,,,,
,,,,,b/banquet_hall/sun_baoizrfijvhpnnjn.jpg,,,,,,,,,,,,,,,,,,,,,
,,,,,b/bar/sun_accxgutfceieysec.jpg,,,,,,,,,,,,,,,,,,,,,
,,,,,b/bar/sun_achhywhzqdbxzjax.jpg,,,,,,,,,,,,,,,,,,,,,
,,,,,b/bathroom/sun_addsacqmcbavfmcm.jpg,,,,,,,,,,,,,,,,,,,,,
,,,,,b/bathroom/sun_adejirygpiyzdouk.jpg,,,,,,,,,,,,,,,,,,,,,
,,,,,b/bedroom/sun_aazccosvjonbhrff.jpg,,,,,,,,,,,,,,,,,,,,,
,,,,,b/bistro/indoor/sun_aubeherrleeynxoa.jpg,,,,,,,,,,,,,,,,,,,,,
,,,,,b/bistro/indoor/sun_aujlksmdrnkuvdzc.jpg,,,,,,,,,,,,,,,,,,,,,
,,,,,b/bookstore/sun_afokxlcyjksyagtp.jpg,,,,,,,,,,,,,,,,,,,,,
,,,,,b/bookstore/sun_agyjarbeacjjrexj.jpg,,,,,,,,,,,,,,,,,,,,,
,,,,,c/cafeteria/sun_bnuklyhtxhqbatot.jpg,,,,,,,,,,,,,,,,,,,,,
,,,,,c/cafeteria/sun_bptiposdquaqxzdr.jpg,,,,,,,,,,,,,,,,,,,,,
,,,,,c/cafeteria/sun_bzufgwmtwtlwekjj.jpg,,,,,,,,,,,,,,,,,,,,,
,,,,,c/childs_room/sun_ahrxomnspbljwmpr.jpg,,,,,,,,,,,,,,,,,,,,,
,,,,,c/classroom/sun_amnsgcenewdikjcy.jpg,,,,,,,,,,,,,,,,,,,,,
,,,,,c/closet/sun_azqckmqjypfagznu.jpg,,,,,,,,,,,,,,,,,,,,,
,,,,,c/coffee_shop/sun_bbxsbdszlisxnbuj.jpg,,,,,,,,,,,,,,,,,,,,,
,,,,,c/coffee_shop/sun_bcbfyedrzzdxemwv.jpg,,,,,,,,,,,,,,,,,,,,,
,,,,,c/computer_room/sun_bnslavqdifgppglj.jpg,,,,,,,,,,,,,,,,,,,,,
,,,,,c/computer_room/sun_bocztlontvtoespf.jpg,,,,,,,,,,,,,,,,,,,,,
,,,,,c/courtroom/sun_ainouzrxmpuoxiqc.jpg,,,,,,,,,,,,,,,,,,,,,
,,,,,c/courtroom/sun_ajnxnuqmmehgpyvb.jpg,,,,,,,,,,,,,,,,,,,,,
,,,,,d/dining_room/sun_accoxncboyqnmuoz.jpg,,,,,,,,,,,,,,,,,,,,,
,,,,,d/dorm_room/sun_aulxjqgqaqqzxwaz.jpg,,,,,,,,,,,,,,,,,,,,,
,,,,,g/game_room/sun_apcpupomxoxqqrpc.jpg,,,,,,,,,,,,,,,,,,,,,
,,,,,g/game_room/sun_aphstrqrckkxaifl.jpg,,,,,,,,,,,,,,,,,,,,,
,,,,,g/gymnasium/indoor/sun_ajvurbfklntazktu.jpg,,,,,,,,,,,,,,,,,,,,,
,,,,,g/gymnasium/indoor/sun_akrsadhwovlmgefx.jpg,,,,,,,,,,,,,,,,,,,,,
,,,,,a/archive/sun_atwsbiaonfwhpfae.jpg,,,,,,,,,,,,,,,,,,,,,
,,,,,a/archive/sun_auudicaahebzcumg.jpg,,,,,,,,,,,,,,,,,,,,,
,,,,,a/art_gallery/sun_ahweybjvaoxgvhia.jpg,,,,,,,,,,,,,,,,,,,,,
,,,,,a/art_gallery/sun_aifkoesytspcogom.jpg,,,,,,,,,,,,,,,,,,,,,
,,,,,a/attic/sun_alfpbbfyzmewzplm.jpg,,,,,,,,,,,,,,,,,,,,,
,,,,,a/auditorium/sun_ageaudwlvlioisiq.jpg,,,,,,,,,,,,,,,,,,,,,
,,,,,a/auditorium/sun_aggeumyxqahsvmbb.jpg,,,,,,,,,,,,,,,,,,,,,
,,,,,b/ballroom/sun_ajjlojqyqftxyxgx.jpg,,,,,,,,,,,,,,,,,,,,,
,,,,,b/ballroom/sun_ajosvrqcrwtfcdnw.jpg,,,,,,,,,,,,,,,,,,,,,
,,,,,b/bar/sun_acmaxwwbbhlnpbao.jpg,,,,,,,,,,,,,,,,,,,,,
,,,,,b/bar/sun_acspgadueddosbvm.jpg,,,,,,,,,,,,,,,,,,,,,
,,,,,b/bathroom/sun_adjzxxhcsaqvrsrs.jpg,,,,,,,,,,,,,,,,,,,,,
,,,,,b/bathroom/sun_adwvsndpdsgzeste.jpg,,,,,,,,,,,,,,,,,,,,,
,,,,,b/bistro/indoor/sun_awneyrswfwhdoxje.jpg,,,,,,,,,,,,,,,,,,,,,
,,,,,b/bookstore/sun_agystnnzhhoirdit.jpg,,,,,,,,,,,,,,,,,,,,,
,,,,,b/bookstore/sun_aidpxxucawfdodml.jpg,,,,,,,,,,,,,,,,,,,,,
,,,,,c/childs_room/sun_aiflbrcvjmulftiu.jpg,,,,,,,,,,,,,,,,,,,,,
,,,,,c/classroom/sun_aovpeswbkfsiutle.jpg,,,,,,,,,,,,,,,,,,,,,
,,,,,c/coffee_shop/sun_bgsyxugowoebaudw.jpg,,,,,,,,,,,,,,,,,,,,,
,,,,,c/coffee_shop/sun_bgvmciyiwbijtste.jpg,,,,,,,,,,,,,,,,,,,,,
,,,,,c/computer_room/sun_bukcoyfsvclublig.jpg,,,,,,,,,,,,,,,,,,,,,
,,,,,c/courtroom/sun_akrmzkabdasygjsk.jpg,,,,,,,,,,,,,,,,,,,,,
,,,,,c/courtroom/sun_amaibnybctjtjkxf.jpg,,,,,,,,,,,,,,,,,,,,,
,,,,,d/dining_room/sun_acdidfpsugvjcskn.jpg,,,,,,,,,,,,,,,,,,,,,
,,,,,d/dining_room/sun_achjpzzliasyvwim.jpg,,,,,,,,,,,,,,,,,,,,,
,,,,,d/dorm_room/sun_auqjsqkllrgzuolu.jpg,,,,,,,,,,,,,,,,,,,,,
,,,,,d/dorm_room/sun_azclviuannudzqvx.jpg,,,,,,,,,,,,,,,,,,,,,
,,,,,d/dorm_room/sun_azirxbmnqggpvwgr.jpg,,,,,,,,,,,,,,,,,,,,,
,,,,,d/dorm_room/sun_bdjvxfyeznewggps.jpg,,,,,,,,,,,,,,,,,,,,,
,,,,,d/dorm_room/sun_bjfzoyismqtrfvhb.jpg,,,,,,,,,,,,,,,,,,,,,
,,,,,d/dorm_room/sun_blfyxziavorwrczv.jpg,,,,,,,,,,,,,,,,,,,,,
,,,,,d/dorm_room/sun_bpkdelbheuupucvr.jpg,,,,,,,,,,,,,,,,,,,,,
,,,,,d/dorm_room/sun_buiyvxklafmlzfib.jpg,,,,,,,,,,,,,,,,,,,,,
,,,,,d/dorm_room/sun_bxkbvajtblcmokpl.jpg,,,,,,,,,,,,,,,,,,,,,
,,,,,d/dorm_room/sun_bxpwtlqdifhjivkq.jpg,,,,,,,,,,,,,,,,,,,,,
,,,,,d/dorm_room/sun_bybqklyjyqvcbccb.jpg,,,,,,,,,,,,,,,,,,,,,
,,,,,g/game_room/sun_apwgyadsblyyaqqs.jpg,,,,,,,,,,,,,,,,,,,,,
,,,,,g/game_room/sun_atasoufeaqaszeej.jpg,,,,,,,,,,,,,,,,,,,,,
,,,,,g/gymnasium/indoor/sun_almmhxjskmetnwpv.jpg,,,,,,,,,,,,,,,,,,,,,
,,,,,g/gymnasium/indoor/sun_alservlfogfiisco.jpg,,,,,,,,,,,,,,,,,,,,,
,,,,,a/archive/sun_avikvyazkhhpxakm.jpg,,,,,,,,,,,,,,,,,,,,,
,,,,,a/archive/sun_avkvqaqeybxrcryg.jpg,,,,,,,,,,,,,,,,,,,,,
,,,,,a/art_gallery/sun_aipctevwzqdrzypd.jpg,,,,,,,,,,,,,,,,,,,,,
,,,,,a/art_gallery/sun_ajjqvlkgojhqxjal.jpg,,,,,,,,,,,,,,,,,,,,,
,,,,,a/attic/sun_anmjfanajvagvrqc.jpg,,,,,,,,,,,,,,,,,,,,,
,,,,,a/auditorium/sun_agrbuzfpfrfvuoty.jpg,,,,,,,,,,,,,,,,,,,,,
,,,,,a/auditorium/sun_agsbcyojqafzzfis.jpg,,,,,,,,,,,,,,,,,,,,,
,,,,,b/ballroom/sun_akpegruwwfrzaaey.jpg,,,,,,,,,,,,,,,,,,,,,
,,,,,b/ballroom/sun_alchmwyzykwvoude.jpg,,,,,,,,,,,,,,,,,,,,,
,,,,,b/banquet_hall/sun_bbjlidwozgfnlpvk.jpg,,,,,,,,,,,,,,,,,,,,,
,,,,,b/bar/sun_acspgadueddosbvm.jpg,,,,,,,,,,,,,,,,,,,,,
,,,,,b/bar/sun_acwgbzijrtugjewh.jpg,,,,,,,,,,,,,,,,,,,,,
,,,,,b/bathroom/sun_adxyelrxvereqkwj.jpg,,,,,,,,,,,,,,,,,,,,,
,,,,,b/bedroom/sun_abfgxiflufmbwsgi.jpg,,,,,,,,,,,,,,,,,,,,,
,,,,,b/bedroom/sun_abfrrkrudwbrphdo.jpg,,,,,,,,,,,,,,,,,,,,,
,,,,,b/bistro/indoor/sun_begaqriykgpevrkl.jpg,,,,,,,,,,,,,,,,,,,,,
,,,,,b/bistro/indoor/sun_bezcgczhwucnpnxa.jpg,,,,,,,,,,,,,,,,,,,,,
,,,,,b/bistro/indoor/sun_bfwzlgbliipqarkq.jpg,,,,,,,,,,,,,,,,,,,,,
,,,,,b/bistro/indoor/sun_bhgyshdgrnujgqkx.jpg,,,,,,,,,,,,,,,,,,,,,
,,,,,b/bistro/indoor/sun_bihhflcnonnooztq.jpg,,,,,,,,,,,,,,,,,,,,,
,,,,,b/bistro/indoor/sun_bjtqvulnbbldrcsg.jpg,,,,,,,,,,,,,,,,,,,,,
,,,,,b/bistro/indoor/sun_bksksdzyqihryiko.jpg,,,,,,,,,,,,,,,,,,,,,
,,,,,b/bistro/indoor/sun_blfshsgxdrczobta.jpg,,,,,,,,,,,,,,,,,,,,,
,,,,,b/bistro/indoor/sun_bmydaucmamwcjlaq.jpg,,,,,,,,,,,,,,,,,,,,,
,,,,,b/bistro/indoor/sun_bnoevxwudktubwdj.jpg,,,,,,,,,,,,,,,,,,,,,
,,,,,b/bistro/indoor/sun_bqfeklvnbjykjwuj.jpg,,,,,,,,,,,,,,,,,,,,,
,,,,,b/bistro/indoor/sun_bwefcktvymchabja.jpg,,,,,,,,,,,,,,,,,,,,,
,,,,,b/bistro/indoor/sun_bwehjeeoaeosmcjq.jpg,,,,,,,,,,,,,,,,,,,,,
,,,,,b/bistro/indoor/sun_byqsmzmzydiuaylm.jpg,,,,,,,,,,,,,,,,,,,,,
,,,,,b/bookstore/sun_ajfdtkgsriionuob.jpg,,,,,,,,,,,,,,,,,,,,,
,,,,,b/bookstore/sun_ajtyzgpamtkntiiz.jpg,,,,,,,,,,,,,,,,,,,,,
,,,,,c/childs_room/sun_akcafmrvflecthjp.jpg,,,,,,,,,,,,,,,,,,,,,
,,,,,c/classroom/sun_apbnsknltyvsrsey.jpg,,,,,,,,,,,,,,,,,,,,,
,,,,,c/classroom/sun_aqnroqlfmcxdupfl.jpg,,,,,,,,,,,,,,,,,,,,,
,,,,,c/classroom/sun_arlnwjoywonefeys.jpg,,,,,,,,,,,,,,,,,,,,,
,,,,,c/classroom/sun_attbzgvsnacbrvzw.jpg,,,,,,,,,,,,,,,,,,,,,
,,,,,c/classroom/sun_awzkxkaosytdmpwj.jpg,,,,,,,,,,,,,,,,,,,,,
,,,,,c/classroom/sun_azkimxjvdzjuskvk.jpg,,,,,,,,,,,,,,,,,,,,,
,,,,,c/classroom/sun_azymrgabtsfqhdlu.jpg,,,,,,,,,,,,,,,,,,,,,
,,,,,c/classroom/sun_bhwnrxacspjqqqfm.jpg,,,,,,,,,,,,,,,,,,,,,
,,,,,c/classroom/sun_bjvpedwhqxvestac.jpg,,,,,,,,,,,,,,,,,,,,,
,,,,,c/classroom/sun_bmhlwdemoedhbxmr.jpg,,,,,,,,,,,,,,,,,,,,,
,,,,,c/classroom/sun_bmiovzwqanxpfevu.jpg,,,,,,,,,,,,,,,,,,,,,
,,,,,c/classroom/sun_bmtgiksoyaltcbzi.jpg,,,,,,,,,,,,,,,,,,,,,
,,,,,c/classroom/sun_bwamszhnhfygjpxp.jpg,,,,,,,,,,,,,,,,,,,,,
,,,,,c/coffee_shop/sun_bhcmaddzrcfxzuuz.jpg,,,,,,,,,,,,,,,,,,,,,
,,,,,c/coffee_shop/sun_bisrwblhtqxumezb.jpg,,,,,,,,,,,,,,,,,,,,,
,,,,,c/coffee_shop/sun_blwtewsfpvrmqgxt.jpg,,,,,,,,,,,,,,,,,,,,,
,,,,,c/coffee_shop/sun_bmyhbvniwvmxrddj.jpg,,,,,,,,,,,,,,,,,,,,,
,,,,,c/coffee_shop/sun_bngkfkirmacjnuaj.jpg,,,,,,,,,,,,,,,,,,,,,
,,,,,c/coffee_shop/sun_bnrdmbpcucxtllsq.jpg,,,,,,,,,,,,,,,,,,,,,
,,,,,c/coffee_shop/sun_bnvqhmovogayguoh.jpg,,,,,,,,,,,,,,,,,,,,,
,,,,,c/coffee_shop/sun_bplxfzfvbtxmrjnr.jpg,,,,,,,,,,,,,,,,,,,,,
,,,,,c/coffee_shop/sun_bqyhwlxeyydpvhxp.jpg,,,,,,,,,,,,,,,,,,,,,
,,,,,c/coffee_shop/sun_brmfhoxobaitckee.jpg,,,,,,,,,,,,,,,,,,,,,
,,,,,c/coffee_shop/sun_bryvemtymvmmiemv.jpg,,,,,,,,,,,,,,,,,,,,,
,,,,,c/coffee_shop/sun_bsrghosehotsbojh.jpg,,,,,,,,,,,,,,,,,,,,,
,,,,,c/coffee_shop/sun_buvvjzbdbhaqvsgf.jpg,,,,,,,,,,,,,,,,,,,,,
,,,,,c/coffee_shop/sun_bwcyppegziosklkf.jpg,,,,,,,,,,,,,,,,,,,,,
,,,,,c/coffee_shop/sun_bwkjtiwaqshnyhfb.jpg,,,,,,,,,,,,,,,,,,,,,
,,,,,c/coffee_shop/sun_bwlscsrcowjpacpn.jpg,,,,,,,,,,,,,,,,,,,,,
,,,,,c/coffee_shop/sun_bxrcvlkuqrptpvdz.jpg,,,,,,,,,,,,,,,,,,,,,
,,,,,c/coffee_shop/sun_bzpjjfwsbjdjcopb.jpg,,,,,,,,,,,,,,,,,,,,,
,,,,,c/conference_room/sun_andsvywpwrwijjxh.jpg,,,,,,,,,,,,,,,,,,,,,
,,,,,c/courtroom/sun_amawsbaitdpqnxmv.jpg,,,,,,,,,,,,,,,,,,,,,
,,,,,c/courtroom/sun_ankpsqvxivfiuuer.jpg,,,,,,,,,,,,,,,,,,,,,
,,,,,d/dining_room/sun_acnfmojxghqfnuuo.jpg,,,,,,,,,,,,,,,,,,,,,
,,,,,d/dining_room/sun_acoxhgzlngobhekg.jpg,,,,,,,,,,,,,,,,,,,,,
,,,,,g/game_room/sun_auaumdiwxbviernd.jpg,,,,,,,,,,,,,,,,,,,,,
,,,,,g/game_room/sun_aulfgxlqkjpegkuu.jpg,,,,,,,,,,,,,,,,,,,,,
,,,,,g/gymnasium/indoor/sun_alssdlyuicwoyrna.jpg,,,,,,,,,,,,,,,,,,,,,
,,,,,g/gymnasium/indoor/sun_alvjzyfsbhntpqqv.jpg,,,,,,,,,,,,,,,,,,,,,
,,,,,a/art_gallery/sun_akhacgmpfgpxchrl.jpg,,,,,,,,,,,,,,,,,,,,,
,,,,,a/art_gallery/sun_akwfxelxtnwbxotp.jpg,,,,,,,,,,,,,,,,,,,,,
,,,,,a/attic/sun_aoinenlhgdgftvpg.jpg,,,,,,,,,,,,,,,,,,,,,
,,,,,a/attic/sun_aosorqisdqqcyqec.jpg,,,,,,,,,,,,,,,,,,,,,
,,,,,a/auditorium/sun_ahawlvahszbzjrne.jpg,,,,,,,,,,,,,,,,,,,,,
,,,,,a/auditorium/sun_ahcmaddzrcfxzuuz.jpg,,,,,,,,,,,,,,,,,,,,,
,,,,,b/ballroom/sun_aludarpzzarwoast.jpg,,,,,,,,,,,,,,,,,,,,,
,,,,,b/ballroom/sun_aohraidgjkdvkahb.jpg,,,,,,,,,,,,,,,,,,,,,
,,,,,b/ballroom/sun_aonhxsbrisykihjz.jpg,,,,,,,,,,,,,,,,,,,,,
,,,,,b/ballroom/sun_apsoapwdsvvtfiry.jpg,,,,,,,,,,,,,,,,,,,,,
,,,,,b/ballroom/sun_aqeyhuydzgsewcoz.jpg,,,,,,,,,,,,,,,,,,,,,
,,,,,b/ballroom/sun_aqywjesucujoeegp.jpg,,,,,,,,,,,,,,,,,,,,,
,,,,,b/ballroom/sun_arforzhpmmvohcvf.jpg,,,,,,,,,,,,,,,,,,,,,
,,,,,b/ballroom/sun_ayisrgsdzcvpftwr.jpg,,,,,,,,,,,,,,,,,,,,,
,,,,,b/ballroom/sun_ayrblvuflqtyuphl.jpg,,,,,,,,,,,,,,,,,,,,,
,,,,,b/ballroom/sun_azhiyxxiklgjlqok.jpg,,,,,,,,,,,,,,,,,,,,,
,,,,,b/ballroom/sun_aziebzehaxqhxums.jpg,,,,,,,,,,,,,,,,,,,,,
,,,,,b/ballroom/sun_azlufueahyemxucf.jpg,,,,,,,,,,,,,,,,,,,,,
,,,,,b/ballroom/sun_bfbaefjxeoqkdwts.jpg,,,,,,,,,,,,,,,,,,,,,
,,,,,b/ballroom/sun_bratsgydddyedjvy.jpg,,,,,,,,,,,,,,,,,,,,,
,,,,,b/banquet_hall/sun_bbwrdqfxzoglakox.jpg,,,,,,,,,,,,,,,,,,,,,
,,,,,b/banquet_hall/sun_bbzhvwnqzjvrgadn.jpg,,,,,,,,,,,,,,,,,,,,,
,,,,,b/bathroom/sun_aewybqgkucgvepgy.jpg,,,,,,,,,,,,,,,,,,,,,
,,,,,b/bathroom/sun_aeywwpwjqihbcskr.jpg,,,,,,,,,,,,,,,,,,,,,
,,,,,b/bedroom/sun_abgsdtyskvwckcke.jpg,,,,,,,,,,,,,,,,,,,,,
,,,,,b/bedroom/sun_abiprszvibrmonrm.jpg,,,,,,,,,,,,,,,,,,,,,
,,,,,b/bookstore/sun_alialiacsuoglqfz.jpg,,,,,,,,,,,,,,,,,,,,,
,,,,,b/bookstore/sun_amaeejhrxwewrmex.jpg,,,,,,,,,,,,,,,,,,,,,
,,,,,c/childs_room/sun_akfffyacxqepczbv.jpg,,,,,,,,,,,,,,,,,,,,,
,,,,,c/childs_room/sun_aktpjhtoehlnbamt.jpg,,,,,,,,,,,,,,,,,,,,,
,,,,,c/conference_room/sun_apclxmprcxpdhwdl.jpg,,,,,,,,,,,,,,,,,,,,,
,,,,,c/courtroom/sun_ankpsqvxivfiuuer.jpg,,,,,,,,,,,,,,,,,,,,,
,,,,,c/courtroom/sun_apdfyruiwqgipeec.jpg,,,,,,,,,,,,,,,,,,,,,
,,,,,d/dining_room/sun_acrmewentugfvobh.jpg,,,,,,,,,,,,,,,,,,,,,
,,,,,g/game_room/sun_axivszyutotlfimw.jpg,,,,,,,,,,,,,,,,,,,,,
,,,,,g/gymnasium/indoor/sun_alwolvygqaibtndr.jpg,,,,,,,,,,,,,,,,,,,,,
,,,,,g/gymnasium/indoor/sun_alzsoxwramqwsaju.jpg,,,,,,,,,,,,,,,,,,,,,
,,,,,a/archive/sun_avntiwdglvxalblq.jpg,,,,,,,,,,,,,,,,,,,,,
,,,,,a/archive/sun_awqovhgsztdpzjws.jpg,,,,,,,,,,,,,,,,,,,,,
,,,,,a/archive/sun_awuuniopopvnkrtk.jpg,,,,,,,,,,,,,,,,,,,,,
,,,,,a/archive/sun_axajukwplryxdvwz.jpg,,,,,,,,,,,,,,,,,,,,,
,,,,,a/archive/sun_axftbjbehqsxakkh.jpg,,,,,,,,,,,,,,,,,,,,,
,,,,,a/archive/sun_axvmistinrernxbn.jpg,,,,,,,,,,,,,,,,,,,,,
,,,,,a/archive/sun_axxoeymchkptztkx.jpg,,,,,,,,,,,,,,,,,,,,,
,,,,,a/archive/sun_ayxieavswjkzgmkq.jpg,,,,,,,,,,,,,,,,,,,,,
,,,,,a/archive/sun_azakarymgfascbsu.jpg,,,,,,,,,,,,,,,,,,,,,
,,,,,a/archive/sun_cgjyqrfnfoqwodvz.jpg,,,,,,,,,,,,,,,,,,,,,
,,,,,a/archive/sun_cgxvswqkrwipdxzk.jpg,,,,,,,,,,,,,,,,,,,,,
,,,,,a/archive/sun_ciyitmzduxfthcjh.jpg,,,,,,,,,,,,,,,,,,,,,
,,,,,a/archive/sun_cnyksaxvvlfjyvrk.jpg,,,,,,,,,,,,,,,,,,,,,
,,,,,a/archive/sun_cqzryidoosxsubbt.jpg,,,,,,,,,,,,,,,,,,,,,
,,,,,a/archive/sun_csstdsxieyrwfaoo.jpg,,,,,,,,,,,,,,,,,,,,,
,,,,,a/archive/sun_cwnxnzzqfhxpyykl.jpg,,,,,,,,,,,,,,,,,,,,,
,,,,,a/archive/sun_cyjmfoodmdrdbjil.jpg,,,,,,,,,,,,,,,,,,,,,
,,,,,a/art_gallery/sun_albnwybvzdkiyhep.jpg,,,,,,,,,,,,,,,,,,,,,
,,,,,a/art_gallery/sun_alkjwpviopcaleiq.jpg,,,,,,,,,,,,,,,,,,,,,
,,,,,a/attic/sun_apjhwoolhlpbbzpa.jpg,,,,,,,,,,,,,,,,,,,,,
,,,,,a/attic/sun_apvuxlhlnzgjacyf.jpg,,,,,,,,,,,,,,,,,,,,,
,,,,,a/auditorium/sun_ahmxhuaqgyasufgv.jpg,,,,,,,,,,,,,,,,,,,,,
,,,,,a/auditorium/sun_ahqnqmypubcqenhd.jpg,,,,,,,,,,,,,,,,,,,,,
,,,,,b/banquet_hall/sun_bbzwtvvxrkyurylm.jpg,,,,,,,,,,,,,,,,,,,,,
,,,,,b/banquet_hall/sun_bcfowijuncibjsqd.jpg,,,,,,,,,,,,,,,,,,,,,
,,,,,b/bar/sun_acycubyhqgsbyaxt.jpg,,,,,,,,,,,,,,,,,,,,,
,,,,,b/bar/sun_adceflzmuxwamfsq.jpg,,,,,,,,,,,,,,,,,,,,,
,,,,,b/bathroom/sun_afdziudzwqvfqhaa.jpg,,,,,,,,,,,,,,,,,,,,,
,,,,,b/bathroom/sun_afgvhsdicrgtqspi.jpg,,,,,,,,,,,,,,,,,,,,,
,,,,,b/bedroom/sun_abkzhpaluuxwcfdk.jpg,,,,,,,,,,,,,,,,,,,,,
,,,,,b/bedroom/sun_ablfnpicekdknpfd.jpg,,,,,,,,,,,,,,,,,,,,,
,,,,,b/bookstore/sun_amzjpjyxvafqqhto.jpg,,,,,,,,,,,,,,,,,,,,,
,,,,,b/bookstore/sun_anckvzplbmptddrq.jpg,,,,,,,,,,,,,,,,,,,,,
,,,,,c/childs_room/sun_algleqlgunevogov.jpg,,,,,,,,,,,,,,,,,,,,,
,,,,,c/childs_room/sun_altpkylhctlopunn.jpg,,,,,,,,,,,,,,,,,,,,,
,,,,,c/conference_room/sun_aqfkbxnpdbwheqzx.jpg,,,,,,,,,,,,,,,,,,,,,
,,,,,c/conference_room/sun_arjqhyxpljhcysau.jpg,,,,,,,,,,,,,,,,,,,,,
,,,,,c/courtroom/sun_apgaqmrdpmriwuqv.jpg,,,,,,,,,,,,,,,,,,,,,
,,,,,c/courtroom/sun_apkmfzjmsquidaif.jpg,,,,,,,,,,,,,,,,,,,,,
,,,,,d/dining_room/sun_acywtbbwhlcbjvhp.jpg,,,,,,,,,,,,,,,,,,,,,
,,,,,d/dining_room/sun_aczurpnidbbumxhn.jpg,,,,,,,,,,,,,,,,,,,,,
,,,,,g/game_room/sun_axwkppjtmzfcrhcj.jpg,,,,,,,,,,,,,,,,,,,,,
,,,,,g/game_room/sun_ayjjczpowvjapgxd.jpg,,,,,,,,,,,,,,,,,,,,,
,,,,,g/gymnasium/indoor/sun_ampzowgyjrwemopw.jpg,,,,,,,,,,,,,,,,,,,,,
,,,,,g/gymnasium/indoor/sun_amuikkpgxqyyudje.jpg,,,,,,,,,,,,,,,,,,,,,
,,,,,a/art_gallery/sun_alumukkrvzjvkalw.jpg,,,,,,,,,,,,,,,,,,,,,
,,,,,a/art_gallery/sun_amalnipvvupcaegy.jpg,,,,,,,,,,,,,,,,,,,,,
,,,,,a/attic/sun_aqratfpidzbvswlf.jpg,,,,,,,,,,,,,,,,,,,,,
,,,,,a/auditorium/sun_ahqnqmypubcqenhd.jpg,,,,,,,,,,,,,,,,,,,,,
,,,,,a/auditorium/sun_ahtljmnebjeljqtg.jpg,,,,,,,,,,,,,,,,,,,,,
,,,,,b/banquet_hall/sun_bcmkgxudeaydppuw.jpg,,,,,,,,,,,,,,,,,,,,,
,,,,,b/banquet_hall/sun_bcrhuxarsletekwx.jpg,,,,,,,,,,,,,,,,,,,,,
,,,,,b/bar/sun_adejutpzdjxshgga.jpg,,,,,,,,,,,,,,,,,,,,,
,,,,,b/bar/sun_adpppqfuafcjbnei.jpg,,,,,,,,,,,,,,,,,,,,,
,,,,,b/bathroom/sun_afmzatxvdtvhuafm.jpg,,,,,,,,,,,,,,,,,,,,,
,,,,,b/bathroom/sun_afumzknyhjtmnarm.jpg,,,,,,,,,,,,,,,,,,,,,
,,,,,b/bedroom/sun_aboayhgqhdmskjgt.jpg,,,,,,,,,,,,,,,,,,,,,
,,,,,b/bookstore/sun_anxyxgqyfossgzul.jpg,,,,,,,,,,,,,,,,,,,,,
,,,,,b/bookstore/sun_anzwjnglnirhuend.jpg,,,,,,,,,,,,,,,,,,,,,
,,,,,c/childs_room/sun_alulomlfmzrxusjf.jpg,,,,,,,,,,,,,,,,,,,,,
,,,,,c/childs_room/sun_alwqiblzlotitmnw.jpg,,,,,,,,,,,,,,,,,,,,,
,,,,,c/courtroom/sun_apyrlqdchigxatuv.jpg,,,,,,,,,,,,,,,,,,,,,
,,,,,c/courtroom/sun_aqjdpfjbnkqutspg.jpg,,,,,,,,,,,,,,,,,,,,,
,,,,,d/dining_room/sun_adganvxucgtbpcmr.jpg,,,,,,,,,,,,,,,,,,,,,
,,,,,g/game_room/sun_bajjqzbierclzpqp.jpg,,,,,,,,,,,,,,,,,,,,,
,,,,,g/game_room/sun_bajturvqnlhysneq.jpg,,,,,,,,,,,,,,,,,,,,,
,,,,,g/gymnasium/indoor/sun_aptjshdvnekotahp.jpg,,,,,,,,,,,,,,,,,,,,,
,,,,,g/gymnasium/indoor/sun_aqeyqdheetyujgkv.jpg,,,,,,,,,,,,,,,,,,,,,
,,,,,a/art_gallery/sun_amguefqazjunujwz.jpg,,,,,,,,,,,,,,,,,,,,,
,,,,,a/art_gallery/sun_ammjarkhhujjqnhu.jpg,,,,,,,,,,,,,,,,,,,,,
,,,,,a/attic/sun_aqyrqoxxznypefgm.jpg,,,,,,,,,,,,,,,,,,,,,
,,,,,a/attic/sun_arciehppplrzecll.jpg,,,,,,,,,,,,,,,,,,,,,
,,,,,a/auditorium/sun_ahxfbcfdtvgnrivf.jpg,,,,,,,,,,,,,,,,,,,,,
,,,,,a/auditorium/sun_ahxnvwlxlrusecst.jpg,,,,,,,,,,,,,,,,,,,,,
,,,,,b/ballroom/sun_ayisrgsdzcvpftwr.jpg,,,,,,,,,,,,,,,,,,,,,
,,,,,b/ballroom/sun_azhiyxxiklgjlqok.jpg,,,,,,,,,,,,,,,,,,,,,
,,,,,b/banquet_hall/sun_bdbdknfmtkvlxcxq.jpg,,,,,,,,,,,,,,,,,,,,,
,,,,,b/banquet_hall/sun_bdcllvxqufrsturd.jpg,,,,,,,,,,,,,,,,,,,,,
,,,,,b/bathroom/sun_afzepowinmtydkgn.jpg,,,,,,,,,,,,,,,,,,,,,
,,,,,b/bathroom/sun_agayzkfqmlsezgap.jpg,,,,,,,,,,,,,,,,,,,,,
,,,,,b/bedroom/sun_abrosuajytolzkjt.jpg,,,,,,,,,,,,,,,,,,,,,
,,,,,b/bookstore/sun_aowlokccqmprukaa.jpg,,,,,,,,,,,,,,,,,,,,,
,,,,,b/bookstore/sun_apkaxxerhgkzcgya.jpg,,,,,,,,,,,,,,,,,,,,,
,,,,,c/childs_room/sun_amfjvoffgzumxajd.jpg,,,,,,,,,,,,,,,,,,,,,
,,,,,c/conference_room/sun_atdmqeqsvvckelmg.jpg,,,,,,,,,,,,,,,,,,,,,
,,,,,c/courtroom/sun_aroqrlezamgjfcoi.jpg,,,,,,,,,,,,,,,,,,,,,
,,,,,c/courtroom/sun_ascpbwdmjtbumfvq.jpg,,,,,,,,,,,,,,,,,,,,,
,,,,,d/dining_room/sun_adjejvldntybtmie.jpg,,,,,,,,,,,,,,,,,,,,,
,,,,,d/dining_room/sun_adjkidxbdxzcssdc.jpg,,,,,,,,,,,,,,,,,,,,,
,,,,,g/game_room/sun_bbhuclmpueeavdvt.jpg,,,,,,,,,,,,,,,,,,,,,
,,,,,g/game_room/sun_bbqssxbyekmffikj.jpg,,,,,,,,,,,,,,,,,,,,,
,,,,,g/gymnasium/indoor/sun_aruabydkijusoway.jpg,,,,,,,,,,,,,,,,,,,,,
,,,,,g/gymnasium/indoor/sun_arxovkehaktenaty.jpg,,,,,,,,,,,,,,,,,,,,,
,,,,,a/art_gallery/sun_amvajwofdxrfysjg.jpg,,,,,,,,,,,,,,,,,,,,,
,,,,,a/art_gallery/sun_amxolvjypnisespz.jpg,,,,,,,,,,,,,,,,,,,,,
,,,,,a/attic/sun_asirosomrjpnrtdg.jpg,,,,,,,,,,,,,,,,,,,,,
,,,,,a/attic/sun_asqmeitomnwakbvr.jpg,,,,,,,,,,,,,,,,,,,,,
,,,,,a/auditorium/sun_aiheutdgogkujwri.jpg,,,,,,,,,,,,,,,,,,,,,
,,,,,a/auditorium/sun_aiqlehrgmabsqroq.jpg,,,,,,,,,,,,,,,,,,,,,
,,,,,b/banquet_hall/sun_bdkaetdljilzszda.jpg,,,,,,,,,,,,,,,,,,,,,
,,,,,b/bar/sun_adqxfbghzmbkhton.jpg,,,,,,,,,,,,,,,,,,,,,
,,,,,b/bar/sun_aecyogsymldsiuya.jpg,,,,,,,,,,,,,,,,,,,,,
,,,,,b/bathroom/sun_aggnnqpdorgxpvce.jpg,,,,,,,,,,,,,,,,,,,,,
,,,,,b/bathroom/sun_aghyqhbptboemmoq.jpg,,,,,,,,,,,,,,,,,,,,,
,,,,,b/bathroom/sun_agndttqgncrqjjdp.jpg,,,,,,,,,,,,,,,,,,,,,
,,,,,b/bathroom/sun_agqyrnfcrhqdixow.jpg,,,,,,,,,,,,,,,,,,,,,
,,,,,b/bedroom/sun_abrpngeroqjzkgkm.jpg,,,,,,,,,,,,,,,,,,,,,
,,,,,b/bedroom/sun_abtfdntkuqwelhhi.jpg,,,,,,,,,,,,,,,,,,,,,
,,,,,b/bedroom/sun_abueimfnkuieazop.jpg,,,,,,,,,,,,,,,,,,,,,
,,,,,b/bedroom/sun_acciqcyaxhrfxxqe.jpg,,,,,,,,,,,,,,,,,,,,,
,,,,,b/bedroom/sun_accyfgwyjuhntllw.jpg,,,,,,,,,,,,,,,,,,,,,
,,,,,b/bedroom/sun_acddebisonjmjrum.jpg,,,,,,,,,,,,,,,,,,,,,
,,,,,b/bedroom/sun_achwgxfewvpnxzrn.jpg,,,,,,,,,,,,,,,,,,,,,
,,,,,b/bedroom/sun_ackeaugqbilcxuad.jpg,,,,,,,,,,,,,,,,,,,,,
,,,,,b/bedroom/sun_ackiteoxogyezdtl.jpg,,,,,,,,,,,,,,,,,,,,,
,,,,,b/bedroom/sun_ackmlhjzmraoemev.jpg,,,,,,,,,,,,,,,,,,,,,
,,,,,b/bedroom/sun_aclleycqqwrlkowq.jpg,,,,,,,,,,,,,,,,,,,,,
,,,,,b/bedroom/sun_acmaspbgkutychfz.jpg,,,,,,,,,,,,,,,,,,,,,
,,,,,b/bedroom/sun_acmgbitatdqjnvbq.jpg,,,,,,,,,,,,,,,,,,,,,
,,,,,b/bedroom/sun_acpltpfqpzmxrlic.jpg,,,,,,,,,,,,,,,,,,,,,
,,,,,b/bookstore/sun_apueywubczdudsle.jpg,,,,,,,,,,,,,,,,,,,,,
,,,,,b/bookstore/sun_apunkfnnfzwhnmnp.jpg,,,,,,,,,,,,,,,,,,,,,
,,,,,b/bookstore/sun_apvykzxkttllaguq.jpg,,,,,,,,,,,,,,,,,,,,,
,,,,,b/bookstore/sun_aqasbezhasjxbfuh.jpg,,,,,,,,,,,,,,,,,,,,,
,,,,,b/bookstore/sun_atgdmqxjostkyken.jpg,,,,,,,,,,,,,,,,,,,,,
,,,,,b/bookstore/sun_atprumqkxdpygisx.jpg,,,,,,,,,,,,,,,,,,,,,
,,,,,b/bookstore/sun_aulpjlsyiebjygib.jpg,,,,,,,,,,,,,,,,,,,,,
,,,,,b/bookstore/sun_avdfwdkqihnozhbb.jpg,,,,,,,,,,,,,,,,,,,,,
,,,,,b/bookstore/sun_avqoszezjldwidcy.jpg,,,,,,,,,,,,,,,,,,,,,
,,,,,b/bookstore/sun_avqukdvaekstfkhg.jpg,,,,,,,,,,,,,,,,,,,,,
,,,,,b/bookstore/sun_ayochtpbwlaebxpe.jpg,,,,,,,,,,,,,,,,,,,,,
,,,,,b/bookstore/sun_azpxameonvhglkfj.jpg,,,,,,,,,,,,,,,,,,,,,
,,,,,c/childs_room/sun_amnlgexmxhhwgvgu.jpg,,,,,,,,,,,,,,,,,,,,,
,,,,,c/conference_room/sun_atssgbmizunolhzn.jpg,,,,,,,,,,,,,,,,,,,,,
,,,,,c/conference_room/sun_aubjkxrpzxlpyfqf.jpg,,,,,,,,,,,,,,,,,,,,,
,,,,,c/courtroom/sun_atcrbrbhmbdybfoh.jpg,,,,,,,,,,,,,,,,,,,,,
,,,,,c/courtroom/sun_atktuhhlhxxqzhol.jpg,,,,,,,,,,,,,,,,,,,,,
,,,,,d/dining_room/sun_adnkozfskauknpkx.jpg,,,,,,,,,,,,,,,,,,,,,
,,,,,d/dining_room/sun_adqyzmlceuearchl.jpg,,,,,,,,,,,,,,,,,,,,,
,,,,,g/game_room/sun_bcfcxkphaxpqbbdm.jpg,,,,,,,,,,,,,,,,,,,,,
,,,,,g/gymnasium/indoor/sun_asazlzvgnpticoko.jpg,,,,,,,,,,,,,,,,,,,,,
,,,,,g/gymnasium/indoor/sun_asegdyneyqolmfwx.jpg,,,,,,,,,,,,,,,,,,,,,
,,,,,a/art_gallery/sun_anzaffbfwwpfrtel.jpg,,,,,,,,,,,,,,,,,,,,,
,,,,,a/art_gallery/sun_aobnewltqzbkygdu.jpg,,,,,,,,,,,,,,,,,,,,,
,,,,,a/attic/sun_atgldsrjulotbfbl.jpg,,,,,,,,,,,,,,,,,,,,,
,,,,,a/attic/sun_atrhnuznnjugkheq.jpg,,,,,,,,,,,,,,,,,,,,,
,,,,,a/auditorium/sun_aixvkbbnnynsgyuu.jpg,,,,,,,,,,,,,,,,,,,,,
,,,,,a/auditorium/sun_aiycovwctjlqxwbl.jpg,,,,,,,,,,,,,,,,,,,,,
,,,,,b/banquet_hall/sun_berewtmkxhmvejbw.jpg,,,,,,,,,,,,,,,,,,,,,
,,,,,b/banquet_hall/sun_bewkrrhvwhkvbcix.jpg,,,,,,,,,,,,,,,,,,,,,
,,,,,b/bar/sun_aefvqkpgsdlltycy.jpg,,,,,,,,,,,,,,,,,,,,,
,,,,,b/bar/sun_aemorfksgnklwypy.jpg,,,,,,,,,,,,,,,,,,,,,
,,,,,b/bathroom/sun_agzalnjkwgccwwdm.jpg,,,,,,,,,,,,,,,,,,,,,
,,,,,b/bathroom/sun_agzxntrshgauswzs.jpg,,,,,,,,,,,,,,,,,,,,,
,,,,,b/bedroom/sun_acqdkapgpjqrtayd.jpg,,,,,,,,,,,,,,,,,,,,,
,,,,,b/bedroom/sun_acqgccujxkaytvbx.jpg,,,,,,,,,,,,,,,,,,,,,
,,,,,c/childs_room/sun_amxyemfkwzrkezwk.jpg,,,,,,,,,,,,,,,,,,,,,
,,,,,c/childs_room/sun_amzbbvnpkwssdtuk.jpg,,,,,,,,,,,,,,,,,,,,,
,,,,,c/conference_room/sun_aucbrcbvrtwwptsw.jpg,,,,,,,,,,,,,,,,,,,,,
,,,,,c/conference_room/sun_ausszqhajbuwpqki.jpg,,,,,,,,,,,,,,,,,,,,,
,,,,,c/courtroom/sun_aujguwxwrwmuikka.jpg,,,,,,,,,,,,,,,,,,,,,
,,,,,c/courtroom/sun_aukutfgotpnuvfly.jpg,,,,,,,,,,,,,,,,,,,,,
,,,,,c/courtroom/sun_austwthzsmyathvv.jpg,,,,,,,,,,,,,,,,,,,,,
,,,,,c/courtroom/sun_avbohouasygijzdc.jpg,,,,,,,,,,,,,,,,,,,,,
,,,,,c/courtroom/sun_avsofcsncqhcibpo.jpg,,,,,,,,,,,,,,,,,,,,,
,,,,,c/courtroom/sun_axcuzzhdevjrnrgg.jpg,,,,,,,,,,,,,,,,,,,,,
,,,,,c/courtroom/sun_axdwgtfhsjtapxzh.jpg,,,,,,,,,,,,,,,,,,,,,
,,,,,c/courtroom/sun_axgndarxratdljhy.jpg,,,,,,,,,,,,,,,,,,,,,
,,,,,c/courtroom/sun_axlfowpgxkzkqtly.jpg,,,,,,,,,,,,,,,,,,,,,
,,,,,c/courtroom/sun_axxifgjjobryyssu.jpg,,,,,,,,,,,,,,,,,,,,,
,,,,,c/courtroom/sun_aydgadadqcaukrbl.jpg,,,,,,,,,,,,,,,,,,,,,
,,,,,c/courtroom/sun_ayfndfytafrkpeju.jpg,,,,,,,,,,,,,,,,,,,,,
,,,,,c/courtroom/sun_aynxmpotckcoyaoo.jpg,,,,,,,,,,,,,,,,,,,,,
,,,,,c/courtroom/sun_ayvlfucdqzqjrmhy.jpg,,,,,,,,,,,,,,,,,,,,,
,,,,,c/courtroom/sun_azbosnldlsocdkiw.jpg,,,,,,,,,,,,,,,,,,,,,
,,,,,c/courtroom/sun_azdbbdtlovyeklmk.jpg,,,,,,,,,,,,,,,,,,,,,
,,,,,c/courtroom/sun_bkntcrrrnbkcbdca.jpg,,,,,,,,,,,,,,,,,,,,,
,,,,,c/courtroom/sun_bomudgsofajzwfbs.jpg,,,,,,,,,,,,,,,,,,,,,
,,,,,d/dining_room/sun_adsloibsvakpcwfm.jpg,,,,,,,,,,,,,,,,,,,,,
,,,,,g/game_room/sun_bcmehpxddkgimsrm.jpg,,,,,,,,,,,,,,,,,,,,,
,,,,,g/game_room/sun_bcrrkycricoweqjw.jpg,,,,,,,,,,,,,,,,,,,,,
,,,,,g/game_room/sun_bekdorqlahhsuiwe.jpg,,,,,,,,,,,,,,,,,,,,,
,,,,,g/game_room/sun_bficxpcappaemmzk.jpg,,,,,,,,,,,,,,,,,,,,,
,,,,,g/game_room/sun_bfspfgoljazujjfs.jpg,,,,,,,,,,,,,,,,,,,,,
,,,,,g/game_room/sun_bgowkzjgkaoczcdm.jpg,,,,,,,,,,,,,,,,,,,,,
,,,,,g/game_room/sun_bhacrwzaozyxfmvt.jpg,,,,,,,,,,,,,,,,,,,,,
,,,,,g/game_room/sun_bhjcnnbhmtcfvtfj.jpg,,,,,,,,,,,,,,,,,,,,,
,,,,,g/game_room/sun_bhvuojuiyzvnegao.jpg,,,,,,,,,,,,,,,,,,,,,
,,,,,g/game_room/sun_bkwwcbmjqkiqmawr.jpg,,,,,,,,,,,,,,,,,,,,,
,,,,,g/game_room/sun_blegfsguljhjnrwf.jpg,,,,,,,,,,,,,,,,,,,,,
,,,,,g/game_room/sun_bngtwpjmjxugabas.jpg,,,,,,,,,,,,,,,,,,,,,
,,,,,g/game_room/sun_bnhdaynywbadtujf.jpg,,,,,,,,,,,,,,,,,,,,,
,,,,,g/game_room/sun_bnjoxhjeqwzjpkox.jpg,,,,,,,,,,,,,,,,,,,,,
,,,,,g/game_room/sun_bpvsxfhghtkuelpb.jpg,,,,,,,,,,,,,,,,,,,,,
,,,,,g/game_room/sun_bpvwzbtnaghvnbfm.jpg,,,,,,,,,,,,,,,,,,,,,
,,,,,g/game_room/sun_bqdkmcesrgaelkeo.jpg,,,,,,,,,,,,,,,,,,,,,
,,,,,g/game_room/sun_bqrmgggerlpevkfr.jpg,,,,,,,,,,,,,,,,,,,,,
,,,,,g/game_room/sun_brsrimmxapdergfl.jpg,,,,,,,,,,,,,,,,,,,,,
,,,,,g/game_room/sun_bruxdklxyagiityl.jpg,,,,,,,,,,,,,,,,,,,,,
,,,,,g/game_room/sun_bsbgjsrpzovynebu.jpg,,,,,,,,,,,,,,,,,,,,,
,,,,,g/game_room/sun_bsbvftkkxlrpbcnf.jpg,,,,,,,,,,,,,,,,,,,,,
,,,,,g/game_room/sun_btawcxbaldafyrbz.jpg,,,,,,,,,,,,,,,,,,,,,
,,,,,g/game_room/sun_bulrbsvpfbkzroyb.jpg,,,,,,,,,,,,,,,,,,,,,
,,,,,g/game_room/sun_busyxhaiccpwkpze.jpg,,,,,,,,,,,,,,,,,,,,,
,,,,,g/game_room/sun_bwcnzzqztlmdprvz.jpg,,,,,,,,,,,,,,,,,,,,,
,,,,,g/game_room/sun_bzcjtstyitigvret.jpg,,,,,,,,,,,,,,,,,,,,,
,,,,,g/game_room/sun_bzcsttduqbhsqmxk.jpg,,,,,,,,,,,,,,,,,,,,,
,,,,,g/game_room/sun_bzeyieaqdtlyhbpm.jpg,,,,,,,,,,,,,,,,,,,,,
,,,,,g/game_room/sun_bzgzlaisitjckyot.jpg,,,,,,,,,,,,,,,,,,,,,
,,,,,g/gymnasium/indoor/sun_aspfqowvjburptat.jpg,,,,,,,,,,,,,,,,,,,,,
,,,,,g/gymnasium/indoor/sun_atxzxtvfipgluobs.jpg,,,,,,,,,,,,,,,,,,,,,
,,,,,a/art_gallery/sun_aohvvuakdnnedrzn.jpg,,,,,,,,,,,,,,,,,,,,,
,,,,,a/art_gallery/sun_aohypqslflyjokpp.jpg,,,,,,,,,,,,,,,,,,,,,
,,,,,a/attic/sun_aupldmyiogtiznnr.jpg,,,,,,,,,,,,,,,,,,,,,
,,,,,a/attic/sun_avauibfcsmooypmo.jpg,,,,,,,,,,,,,,,,,,,,,
,,,,,a/auditorium/sun_ajnhohavsbqchqhc.jpg,,,,,,,,,,,,,,,,,,,,,
,,,,,b/banquet_hall/sun_bfjtizywpcfmcywr.jpg,,,,,,,,,,,,,,,,,,,,,
,,,,,b/banquet_hall/sun_bflfmhjjrhbjgkfu.jpg,,,,,,,,,,,,,,,,,,,,,
,,,,,b/bar/sun_aeqjqiuomrqyitxg.jpg,,,,,,,,,,,,,,,,,,,,,
,,,,,b/bar/sun_aeqqgqfatyqpltsb.jpg,,,,,,,,,,,,,,,,,,,,,
,,,,,b/bathroom/sun_ahnewdstdpbbvwpw.jpg,,,,,,,,,,,,,,,,,,,,,
,,,,,b/bathroom/sun_ahnfkrnjalaprrmo.jpg,,,,,,,,,,,,,,,,,,,,,
,,,,,b/bedroom/sun_acsquqdyyxwpyjbj.jpg,,,,,,,,,,,,,,,,,,,,,
,,,,,c/childs_room/sun_andqngpqpoljoyzx.jpg,,,,,,,,,,,,,,,,,,,,,
,,,,,c/childs_room/sun_anmaocxuvvjzjsdb.jpg,,,,,,,,,,,,,,,,,,,,,
,,,,,d/dining_room/sun_adtmduoqeyynkybx.jpg,,,,,,,,,,,,,,,,,,,,,
,,,,,d/dining_room/sun_aeeirtekkossfxug.jpg,,,,,,,,,,,,,,,,,,,,,
,,,,,g/gymnasium/indoor/sun_auixsszekbozqann.jpg,,,,,,,,,,,,,,,,,,,,,
,,,,,g/gymnasium/indoor/sun_aurlxkjypuakrper.jpg,,,,,,,,,,,,,,,,,,,,,
,,,,,a/art_gallery/sun_appplrfiyaorqker.jpg,,,,,,,,,,,,,,,,,,,,,
,,,,,a/art_gallery/sun_apyuddclmgxtygjf.jpg,,,,,,,,,,,,,,,,,,,,,
,,,,,a/art_gallery/sun_aqcahnjaxcddpdlc.jpg,,,,,,,,,,,,,,,,,,,,,
,,,,,a/art_gallery/sun_aqdsaaudvcsngrsf.jpg,,,,,,,,,,,,,,,,,,,,,
,,,,,a/attic/sun_avmsmjectbidasto.jpg,,,,,,,,,,,,,,,,,,,,,
,,,,,a/attic/sun_avoudklkhqonboqb.jpg,,,,,,,,,,,,,,,,,,,,,
,,,,,a/attic/sun_avpwvaevrhbzyntn.jpg,,,,,,,,,,,,,,,,,,,,,
,,,,,a/attic/sun_awttfatelnyhvfbb.jpg,,,,,,,,,,,,,,,,,,,,,
,,,,,a/attic/sun_axddsopsgnyjcwne.jpg,,,,,,,,,,,,,,,,,,,,,
,,,,,a/attic/sun_axgnsdoiejwhigvr.jpg,,,,,,,,,,,,,,,,,,,,,
,,,,,a/attic/sun_ayrdwjhaccnarclz.jpg,,,,,,,,,,,,,,,,,,,,,
,,,,,a/attic/sun_ayxdympheveclsbl.jpg,,,,,,,,,,,,,,,,,,,,,
,,,,,a/attic/sun_azavfjwvzeyksugk.jpg,,,,,,,,,,,,,,,,,,,,,
,,,,,a/attic/sun_azetlzuzzuzqagss.jpg,,,,,,,,,,,,,,,,,,,,,
,,,,,a/attic/sun_cawjskkvicwmuxef.jpg,,,,,,,,,,,,,,,,,,,,,
,,,,,a/attic/sun_ccqyohwedadakrge.jpg,,,,,,,,,,,,,,,,,,,,,
,,,,,a/attic/sun_cfoqudafuytvikio.jpg,,,,,,,,,,,,,,,,,,,,,
,,,,,a/attic/sun_cgbrvuqvzfefhfgv.jpg,,,,,,,,,,,,,,,,,,,,,
,,,,,a/attic/sun_ckfbqshkblveruvi.jpg,,,,,,,,,,,,,,,,,,,,,
,,,,,a/attic/sun_ckhdngfbljrvikpm.jpg,,,,,,,,,,,,,,,,,,,,,
,,,,,a/attic/sun_cmgprpufzbtwhhlk.jpg,,,,,,,,,,,,,,,,,,,,,
,,,,,a/attic/sun_cnxlniztxgimekmo.jpg,,,,,,,,,,,,,,,,,,,,,
,,,,,a/attic/sun_cobfzqtutfwmmvpy.jpg,,,,,,,,,,,,,,,,,,,,,
,,,,,a/attic/sun_cpubocgflnbwveaw.jpg,,,,,,,,,,,,,,,,,,,,,
,,,,,a/attic/sun_cpzcekesujmlxztk.jpg,,,,,,,,,,,,,,,,,,,,,
,,,,,a/attic/sun_csxklwoxgqdknryp.jpg,,,,,,,,,,,,,,,,,,,,,
,,,,,a/attic/sun_ctkvkobijddrkjnt.jpg,,,,,,,,,,,,,,,,,,,,,
,,,,,a/attic/sun_cumdwxldsyhdviqu.jpg,,,,,,,,,,,,,,,,,,,,,
,,,,,a/attic/sun_cvsdbskgnqwvrrdv.jpg,,,,,,,,,,,,,,,,,,,,,
,,,,,a/attic/sun_cxulaxvhenylwrtu.jpg,,,,,,,,,,,,,,,,,,,,,
,,,,,a/auditorium/sun_ajvixzgvfmopzwta.jpg,,,,,,,,,,,,,,,,,,,,,
,,,,,a/auditorium/sun_akchvyhqfvdcbaly.jpg,,,,,,,,,,,,,,,,,,,,,
,,,,,a/auditorium/sun_akcxiiowmwwycjxw.jpg,,,,,,,,,,,,,,,,,,,,,
,,,,,a/auditorium/sun_alhfbdrpkqdjboux.jpg,,,,,,,,,,,,,,,,,,,,,
,,,,,b/banquet_hall/sun_bfxopnqhiuuqladt.jpg,,,,,,,,,,,,,,,,,,,,,
,,,,,b/banquet_hall/sun_bgblpzrkbqcipkyz.jpg,,,,,,,,,,,,,,,,,,,,,
,,,,,b/banquet_hall/sun_bgfgtuuejaamawrv.jpg,,,,,,,,,,,,,,,,,,,,,
,,,,,b/banquet_hall/sun_bgnmzcfevhoxwkbw.jpg,,,,,,,,,,,,,,,,,,,,,
,,,,,b/bathroom/sun_ahsayabozkmfmvly.jpg,,,,,,,,,,,,,,,,,,,,,
,,,,,b/bathroom/sun_aiatspeanwiomasz.jpg,,,,,,,,,,,,,,,,,,,,,
,,,,,b/bathroom/sun_aidzyidigbgoqqgl.jpg,,,,,,,,,,,,,,,,,,,,,
,,,,,b/bathroom/sun_airewbxpmayepqxu.jpg,,,,,,,,,,,,,,,,,,,,,
,,,,,b/bathroom/sun_aiskgiwswewisvph.jpg,,,,,,,,,,,,,,,,,,,,,
,,,,,b/bedroom/sun_acvefcfdwdlxajhc.jpg,,,,,,,,,,,,,,,,,,,,,
,,,,,b/bedroom/sun_acxqaspbvpzzxvrd.jpg,,,,,,,,,,,,,,,,,,,,,
,,,,,c/childs_room/sun_aonjwqswdblhlpkm.jpg,,,,,,,,,,,,,,,,,,,,,
,,,,,c/conference_room/sun_avylujhoexjasdld.jpg,,,,,,,,,,,,,,,,,,,,,
,,,,,c/conference_room/sun_axhtcakmhdiupspn.jpg,,,,,,,,,,,,,,,,,,,,,
,,,,,d/dining_room/sun_aeicdmmggpiebcyy.jpg,,,,,,,,,,,,,,,,,,,,,
,,,,,d/dining_room/sun_aempcgiuievzuyts.jpg,,,,,,,,,,,,,,,,,,,,,
,,,,,d/dining_room/sun_aesuqgtdyqzfctme.jpg,,,,,,,,,,,,,,,,,,,,,
,,,,,d/dining_room/sun_aevahhrnhhgcszqb.jpg,,,,,,,,,,,,,,,,,,,,,
,,,,,g/gymnasium/indoor/sun_avatskriwrrkaebz.jpg,,,,,,,,,,,,,,,,,,,,,
,,,,,g/gymnasium/indoor/sun_awaclktcekyewemx.jpg,,,,,,,,,,,,,,,,,,,,,
,,,,,g/gymnasium/indoor/sun_awadijpkruycfnpa.jpg,,,,,,,,,,,,,,,,,,,,,
,,,,,g/gymnasium/indoor/sun_awcwmmdpqxsxtlcm.jpg,,,,,,,,,,,,,,,,,,,,,
,,,,,a/art_gallery/sun_aqkgxqhwuwnlhise.jpg,,,,,,,,,,,,,,,,,,,,,
,,,,,a/art_gallery/sun_arjxdviqvxwwdroh.jpg,,,,,,,,,,,,,,,,,,,,,
,,,,,a/art_gallery/sun_arlmkpwwxjiowawk.jpg,,,,,,,,,,,,,,,,,,,,,
,,,,,a/art_gallery/sun_arnbmzpgshaglech.jpg,,,,,,,,,,,,,,,,,,,,,
,,,,,a/art_gallery/sun_arpdkpqsshwuuieq.jpg,,,,,,,,,,,,,,,,,,,,,
,,,,,a/auditorium/sun_alvvjhlnzzfraxve.jpg,,,,,,,,,,,,,,,,,,,,,
,,,,,a/auditorium/sun_alwpoizbrlynjzjk.jpg,,,,,,,,,,,,,,,,,,,,,
,,,,,a/auditorium/sun_amgthuhdvypqjycb.jpg,,,,,,,,,,,,,,,,,,,,,
,,,,,a/auditorium/sun_amogjvmhqoxmxbyg.jpg,,,,,,,,,,,,,,,,,,,,,
,,,,,a/auditorium/sun_amoprcytdsldjsow.jpg,,,,,,,,,,,,,,,,,,,,,
,,,,,b/banquet_hall/sun_bhazphongnwzwbgz.jpg,,,,,,,,,,,,,,,,,,,,,
,,,,,b/banquet_hall/sun_bielzrtdjagwxicp.jpg,,,,,,,,,,,,,,,,,,,,,
,,,,,b/banquet_hall/sun_bifmcxklbnogxasw.jpg,,,,,,,,,,,,,,,,,,,,,
,,,,,b/banquet_hall/sun_bihpgihxxnmwqdcd.jpg,,,,,,,,,,,,,,,,,,,,,
,,,,,b/bathroom/sun_aispnggpnychdtah.jpg,,,,,,,,,,,,,,,,,,,,,
,,,,,b/bathroom/sun_ajchygpbjjilyuia.jpg,,,,,,,,,,,,,,,,,,,,,
,,,,,b/bathroom/sun_ajfouacauilvobbv.jpg,,,,,,,,,,,,,,,,,,,,,
,,,,,b/bathroom/sun_ajfurbghktwknbvo.jpg,,,,,,,,,,,,,,,,,,,,,
,,,,,b/bathroom/sun_ajicnsukeupkgcfo.jpg,,,,,,,,,,,,,,,,,,,,,
,,,,,b/bedroom/sun_adafhgoyzxjdcect.jpg,,,,,,,,,,,,,,,,,,,,,
,,,,,b/bedroom/sun_adamjvbacubwtfnh.jpg,,,,,,,,,,,,,,,,,,,,,
,,,,,b/bedroom/sun_adangbzrlorqqeiy.jpg,,,,,,,,,,,,,,,,,,,,,
,,,,,b/bedroom/sun_adbyvrmcnehlswqe.jpg,,,,,,,,,,,,,,,,,,,,,
,,,,,c/childs_room/sun_atkryiklnurcctho.jpg,,,,,,,,,,,,,,,,,,,,,
,,,,,c/conference_room/sun_axkwosjmrckrljda.jpg,,,,,,,,,,,,,,,,,,,,,
,,,,,c/conference_room/sun_axqspuzepwypcatf.jpg,,,,,,,,,,,,,,,,,,,,,
,,,,,d/dining_room/sun_aezszxaexyyoasto.jpg,,,,,,,,,,,,,,,,,,,,,
,,,,,d/dining_room/sun_afecxeldmexnvbbw.jpg,,,,,,,,,,,,,,,,,,,,,
,,,,,g/gymnasium/indoor/sun_awglnicorwqwerxf.jpg,,,,,,,,,,,,,,,,,,,,,
,,,,,g/gymnasium/indoor/sun_awgzfidlvkvjbdoq.jpg,,,,,,,,,,,,,,,,,,,,,
,,,,,g/gymnasium/indoor/sun_awlhttrihanxlxdy.jpg,,,,,,,,,,,,,,,,,,,,,
,,,,,g/gymnasium/indoor/sun_awmflzgazauxqied.jpg,,,,,,,,,,,,,,,,,,,,,
,,,,,a/art_gallery/sun_asiloekdtiroucfz.jpg,,,,,,,,,,,,,,,,,,,,,
,,,,,a/art_gallery/sun_athrbdyauxtcoorz.jpg,,,,,,,,,,,,,,,,,,,,,
,,,,,a/art_gallery/sun_atygdcenfugsfvtt.jpg,,,,,,,,,,,,,,,,,,,,,
,,,,,a/art_gallery/sun_aupelssstcpqqipq.jpg,,,,,,,,,,,,,,,,,,,,,
,,,,,a/auditorium/sun_anfakstqwvvnorcl.jpg,,,,,,,,,,,,,,,,,,,,,
,,,,,a/auditorium/sun_anofrurasggocxbl.jpg,,,,,,,,,,,,,,,,,,,,,
,,,,,a/auditorium/sun_anoodkayfaxhcpsv.jpg,,,,,,,,,,,,,,,,,,,,,
,,,,,a/auditorium/sun_ansazxolkbjymtez.jpg,,,,,,,,,,,,,,,,,,,,,
,,,,,a/auditorium/sun_anvkteqfykfjflwt.jpg,,,,,,,,,,,,,,,,,,,,,
,,,,,b/banquet_hall/sun_bizzyajbeyiimsjg.jpg,,,,,,,,,,,,,,,,,,,,,
,,,,,b/banquet_hall/sun_bjaokuuddnoifqmp.jpg,,,,,,,,,,,,,,,,,,,,,
,,,,,b/banquet_hall/sun_bjaqvkufiwpttaqs.jpg,,,,,,,,,,,,,,,,,,,,,
,,,,,b/bathroom/sun_ajjosyzfeirrvkis.jpg,,,,,,,,,,,,,,,,,,,,,
,,,,,b/bathroom/sun_ajtjebqdtgmlpmow.jpg,,,,,,,,,,,,,,,,,,,,,
,,,,,b/bathroom/sun_ajwcthaokodsxnpv.jpg,,,,,,,,,,,,,,,,,,,,,
,,,,,b/bathroom/sun_akcfwebrlbjtelqb.jpg,,,,,,,,,,,,,,,,,,,,,
,,,,,b/bathroom/sun_akdhnxhbtaqnkjiy.jpg,,,,,,,,,,,,,,,,,,,,,
,,,,,b/bedroom/sun_adervfkytjwbrwqa.jpg,,,,,,,,,,,,,,,,,,,,,
,,,,,b/bedroom/sun_adfipnabypjzwbvh.jpg,,,,,,,,,,,,,,,,,,,,,
,,,,,b/bedroom/sun_adisotkxxdpdprzu.jpg,,,,,,,,,,,,,,,,,,,,,
,,,,,c/childs_room/sun_avjphalfnrdjqhcv.jpg,,,,,,,,,,,,,,,,,,,,,
,,,,,c/childs_room/sun_avswsvjvebdtbbho.jpg,,,,,,,,,,,,,,,,,,,,,
,,,,,c/childs_room/sun_awhcnwhkqdkgxcdc.jpg,,,,,,,,,,,,,,,,,,,,,
,,,,,c/childs_room/sun_avxsnbjrnpxfvbaq.jpg,,,,,,,,,,,,,,,,,,,,,
,,,,,c/conference_room/sun_ayqxmphfxjaqukhv.jpg,,,,,,,,,,,,,,,,,,,,,
,,,,,c/conference_room/sun_azudlyslokisuwcb.jpg,,,,,,,,,,,,,,,,,,,,,
,,,,,c/conference_room/sun_bagttoaasuswmnnf.jpg,,,,,,,,,,,,,,,,,,,,,
,,,,,c/conference_room/sun_baxfwmhforkhjntn.jpg,,,,,,,,,,,,,,,,,,,,,
,,,,,d/dining_room/sun_afksysgnlalvhjcy.jpg,,,,,,,,,,,,,,,,,,,,,
,,,,,d/dining_room/sun_aflfsiahwbepikhp.jpg,,,,,,,,,,,,,,,,,,,,,
,,,,,d/dining_room/sun_afnxqinnowwctimf.jpg,,,,,,,,,,,,,,,,,,,,,
,,,,,d/dining_room/sun_afrmkqsaxjjmkocz.jpg,,,,,,,,,,,,,,,,,,,,,
,,,,,g/gymnasium/indoor/sun_axjcfkuiiytlkdxu.jpg,,,,,,,,,,,,,,,,,,,,,
,,,,,g/gymnasium/indoor/sun_axjqiubwrqkltofe.jpg,,,,,,,,,,,,,,,,,,,,,
,,,,,g/gymnasium/indoor/sun_ayiomvjgwvlegops.jpg,,,,,,,,,,,,,,,,,,,,,
,,,,,g/gymnasium/indoor/sun_ayknejjqlqdesmbe.jpg,,,,,,,,,,,,,,,,,,,,,
,,,,,g/gymnasium/indoor/sun_ayqbyxngwsmqcbcz.jpg,,,,,,,,,,,,,,,,,,,,,
,,,,,a/art_gallery/sun_auvrcggmcupdmgbp.jpg,,,,,,,,,,,,,,,,,,,,,
,,,,,a/art_gallery/sun_auztwgjqubvcsvth.jpg,,,,,,,,,,,,,,,,,,,,,
,,,,,a/art_gallery/sun_avzfaztijpafmelh.jpg,,,,,,,,,,,,,,,,,,,,,
,,,,,a/art_gallery/sun_awjjdmniefngtmor.jpg,,,,,,,,,,,,,,,,,,,,,
,,,,,a/auditorium/sun_anwfjjghnnojsmmn.jpg,,,,,,,,,,,,,,,,,,,,,
,,,,,a/auditorium/sun_anzutxeutleudtbf.jpg,,,,,,,,,,,,,,,,,,,,,
,,,,,a/auditorium/sun_aoccvntxzfzzwnrk.jpg,,,,,,,,,,,,,,,,,,,,,
,,,,,a/auditorium/sun_aociszehztdtixje.jpg,,,,,,,,,,,,,,,,,,,,,
,,,,,a/auditorium/sun_aofgoogadkadvqvf.jpg,,,,,,,,,,,,,,,,,,,,,
,,,,,b/banquet_hall/sun_bkceblynaqqpnbdw.jpg,,,,,,,,,,,,,,,,,,,,,
,,,,,b/banquet_hall/sun_bkjhzvteaelduscb.jpg,,,,,,,,,,,,,,,,,,,,,
,,,,,b/banquet_hall/sun_blayuznwqeoyzkyp.jpg,,,,,,,,,,,,,,,,,,,,,
,,,,,b/bathroom/sun_akiytfaagpdsphgz.jpg,,,,,,,,,,,,,,,,,,,,,
,,,,,b/bathroom/sun_aknvdxhcjofijqhb.jpg,,,,,,,,,,,,,,,,,,,,,
,,,,,b/bathroom/sun_akouirvmojfpfdls.jpg,,,,,,,,,,,,,,,,,,,,,
,,,,,b/bathroom/sun_algoxblljggkqwvc.jpg,,,,,,,,,,,,,,,,,,,,,
,,,,,b/bedroom/sun_adoqtgmmiewmavxa.jpg,,,,,,,,,,,,,,,,,,,,,
,,,,,b/bedroom/sun_adoykjqeikcpfcpt.jpg,,,,,,,,,,,,,,,,,,,,,
,,,,,b/bedroom/sun_adtbsjhyskxehvht.jpg,,,,,,,,,,,,,,,,,,,,,
,,,,,b/bedroom/sun_adumjfzhcgdtdrtn.jpg,,,,,,,,,,,,,,,,,,,,,
,,,,,b/bedroom/sun_advykedujaalvhkx.jpg,,,,,,,,,,,,,,,,,,,,,
,,,,,c/childs_room/sun_awpvszooveyiagpu.jpg,,,,,,,,,,,,,,,,,,,,,
,,,,,c/childs_room/sun_axnwicjwgtdcjvpp.jpg,,,,,,,,,,,,,,,,,,,,,
,,,,,c/childs_room/sun_ayaepykrqvenaqqy.jpg,,,,,,,,,,,,,,,,,,,,,
,,,,,c/childs_room/sun_aytlfjaqotypnmyu.jpg,,,,,,,,,,,,,,,,,,,,,
,,,,,c/childs_room/sun_azzidobckjbbitqu.jpg,,,,,,,,,,,,,,,,,,,,,
,,,,,c/conference_room/sun_bbhkgscjktkpfefk.jpg,,,,,,,,,,,,,,,,,,,,,
,,,,,c/conference_room/sun_bbqortlfsqzygdam.jpg,,,,,,,,,,,,,,,,,,,,,
,,,,,d/dining_room/sun_aftsndzfbiwgwuwz.jpg,,,,,,,,,,,,,,,,,,,,,
,,,,,d/dining_room/sun_aftvhltdarxrbaqr.jpg,,,,,,,,,,,,,,,,,,,,,
,,,,,d/dining_room/sun_afzzbsndrklcjdgz.jpg,,,,,,,,,,,,,,,,,,,,,
,,,,,g/gymnasium/indoor/sun_ayslergounltjcod.jpg,,,,,,,,,,,,,,,,,,,,,
,,,,,g/gymnasium/indoor/sun_ayukluamosewenyw.jpg,,,,,,,,,,,,,,,,,,,,,
,,,,,g/gymnasium/indoor/sun_azeomkofjlyejjrm.jpg,,,,,,,,,,,,,,,,,,,,,
,,,,,g/gymnasium/indoor/sun_azpymrwiaetrntjn.jpg,,,,,,,,,,,,,,,,,,,,,
,,,,,g/gymnasium/indoor/sun_baglqagbleiopagj.jpg,,,,,,,,,,,,,,,,,,,,,
,,,,,a/art_gallery/sun_awryejqcziqrthau.jpg,,,,,,,,,,,,,,,,,,,,,
,,,,,a/art_gallery/sun_ayakfmimustizibg.jpg,,,,,,,,,,,,,,,,,,,,,
,,,,,a/art_gallery/sun_ayzwmifhdtokclyn.jpg,,,,,,,,,,,,,,,,,,,,,
,,,,,a/art_gallery/sun_azmgohsmexpuazmp.jpg,,,,,,,,,,,,,,,,,,,,,
,,,,,a/art_gallery/sun_azqhyxrhbfrqcila.jpg,,,,,,,,,,,,,,,,,,,,,
,,,,,a/auditorium/sun_aolqvaywhhawzvct.jpg,,,,,,,,,,,,,,,,,,,,,
,,,,,a/auditorium/sun_aonudvgihuzzujwz.jpg,,,,,,,,,,,,,,,,,,,,,
,,,,,a/auditorium/sun_aotngtamvhrlahqv.jpg,,,,,,,,,,,,,,,,,,,,,
,,,,,a/auditorium/sun_aozfjgksvxlbhccz.jpg,,,,,,,,,,,,,,,,,,,,,
,,,,,b/banquet_hall/sun_blkpyogqotrnlvtn.jpg,,,,,,,,,,,,,,,,,,,,,
,,,,,b/banquet_hall/sun_bmanjegobfvstisf.jpg,,,,,,,,,,,,,,,,,,,,,
,,,,,b/banquet_hall/sun_bmrlfhzviyswcgmx.jpg,,,,,,,,,,,,,,,,,,,,,
,,,,,b/banquet_hall/sun_bmzagxlngnlrqose.jpg,,,,,,,,,,,,,,,,,,,,,
,,,,,b/bathroom/sun_algoxblljggkqwvc.jpg,,,,,,,,,,,,,,,,,,,,,
,,,,,b/bathroom/sun_alhwaiijaqievmbt.jpg,,,,,,,,,,,,,,,,,,,,,
,,,,,b/bathroom/sun_alkosphxlxwjwgjd.jpg,,,,,,,,,,,,,,,,,,,,,
,,,,,b/bathroom/sun_almyknyzvmpsxzud.jpg,,,,,,,,,,,,,,,,,,,,,
,,,,,b/bedroom/sun_adwrkxwjzupkmylp.jpg,,,,,,,,,,,,,,,,,,,,,
,,,,,b/bedroom/sun_aeanhatjdxnxvufm.jpg,,,,,,,,,,,,,,,,,,,,,
,,,,,b/bedroom/sun_aebqebisteugxauq.jpg,,,,,,,,,,,,,,,,,,,,,
,,,,,c/conference_room/sun_bbseqydrsehfinnd.jpg,,,,,,,,,,,,,,,,,,,,,
,,,,,c/conference_room/sun_bbssinoggzltjafz.jpg,,,,,,,,,,,,,,,,,,,,,
,,,,,c/conference_room/sun_bbtvmuugclaqdpbo.jpg,,,,,,,,,,,,,,,,,,,,,
,,,,,c/conference_room/sun_bcclngswciyrjytf.jpg,,,,,,,,,,,,,,,,,,,,,
,,,,,d/dining_room/sun_agmhrfetvhnljmun.jpg,,,,,,,,,,,,,,,,,,,,,
,,,,,d/dining_room/sun_agtcdcqkqyuisvaf.jpg,,,,,,,,,,,,,,,,,,,,,
,,,,,d/dining_room/sun_agvyrpuzyaznakde.jpg,,,,,,,,,,,,,,,,,,,,,
,,,,,d/dining_room/sun_agwbnhlnluaecpuy.jpg,,,,,,,,,,,,,,,,,,,,,
,,,,,g/gymnasium/indoor/sun_bbhahegnvbkntrwu.jpg,,,,,,,,,,,,,,,,,,,,,
,,,,,g/gymnasium/indoor/sun_bcjbkguskeovgyfb.jpg,,,,,,,,,,,,,,,,,,,,,
,,,,,g/gymnasium/indoor/sun_bcytkbbpxcsuuuic.jpg,,,,,,,,,,,,,,,,,,,,,
,,,,,g/gymnasium/indoor/sun_bdaewidoxmvzizzm.jpg,,,,,,,,,,,,,,,,,,,,,
,,,,,g/gymnasium/indoor/sun_bdbhptfmadftiizr.jpg,,,,,,,,,,,,,,,,,,,,,
,,,,,a/art_gallery/sun_azqtuhvuxqcgkipl.jpg,,,,,,,,,,,,,,,,,,,,,
,,,,,a/art_gallery/sun_azszbarvthzlmitk.jpg,,,,,,,,,,,,,,,,,,,,,
,,,,,a/art_gallery/sun_azykopljthdgihuu.jpg,,,,,,,,,,,,,,,,,,,,,
,,,,,a/art_gallery/sun_bbmfmrbwbqnpwefd.jpg,,,,,,,,,,,,,,,,,,,,,
,,,,,a/auditorium/sun_apzqacqnepjofogd.jpg,,,,,,,,,,,,,,,,,,,,,
,,,,,a/auditorium/sun_aqiupcvumasylhgt.jpg,,,,,,,,,,,,,,,,,,,,,
,,,,,a/auditorium/sun_aqqpfbusjnjhwayo.jpg,,,,,,,,,,,,,,,,,,,,,
,,,,,a/auditorium/sun_aqshqhpmhjatszok.jpg,,,,,,,,,,,,,,,,,,,,,
,,,,,a/auditorium/sun_aqthorqonodbybym.jpg,,,,,,,,,,,,,,,,,,,,,
,,,,,b/banquet_hall/sun_bmzbfawwaaiunycv.jpg,,,,,,,,,,,,,,,,,,,,,
,,,,,b/banquet_hall/sun_bnpddmstjbkmbqji.jpg,,,,,,,,,,,,,,,,,,,,,
,,,,,b/banquet_hall/sun_bnrztsqllmlqwrrq.jpg,,,,,,,,,,,,,,,,,,,,,
,,,,,b/banquet_hall/sun_bnvvhwnodyafezpm.jpg,,,,,,,,,,,,,,,,,,,,,
,,,,,b/banquet_hall/sun_bofymmbhvphdjjyw.jpg,,,,,,,,,,,,,,,,,,,,,
,,,,,b/bathroom/sun_alokhugfbeindyfx.jpg,,,,,,,,,,,,,,,,,,,,,
,,,,,b/bathroom/sun_amlcajkvllqsiajl.jpg,,,,,,,,,,,,,,,,,,,,,
,,,,,b/bathroom/sun_ammumrecwihpuxuk.jpg,,,,,,,,,,,,,,,,,,,,,
,,,,,b/bedroom/sun_aebuzkmlodzaoqap.jpg,,,,,,,,,,,,,,,,,,,,,
,,,,,b/bedroom/sun_aecsvrwkzcgyhujw.jpg,,,,,,,,,,,,,,,,,,,,,
,,,,,b/bedroom/sun_aeedtohrfnmtuzqh.jpg,,,,,,,,,,,,,,,,,,,,,
,,,,,b/bedroom/sun_aeepyvekvecygfbi.jpg,,,,,,,,,,,,,,,,,,,,,
,,,,,c/conference_room/sun_bcskinrukpyropgk.jpg,,,,,,,,,,,,,,,,,,,,,
,,,,,c/conference_room/sun_bcuzwfbrmsbtaphq.jpg,,,,,,,,,,,,,,,,,,,,,
,,,,,d/dining_room/sun_ahcxovbbmcclhcdv.jpg,,,,,,,,,,,,,,,,,,,,,
,,,,,d/dining_room/sun_ahdskuzmkaxxhccy.jpg,,,,,,,,,,,,,,,,,,,,,
,,,,,d/dining_room/sun_ahmyvcqcrfamjgcy.jpg,,,,,,,,,,,,,,,,,,,,,
,,,,,d/dining_room/sun_ahnxtrdtsatfoyat.jpg,,,,,,,,,,,,,,,,,,,,,
,,,,,d/dining_room/sun_ahqslznhepsezpln.jpg,,,,,,,,,,,,,,,,,,,,,
,,,,,b/bedroom/sun_aeghtwbscoepjlot.jpg,,,,,,,,,,,,,,,,,,,,,
