low,SUN_control,SUN-RGBD_control,test_images,high
000092_2014-05-14_21-48-51_260595134347_rgbf000151-resize.jpg,sun_aadteoxcyfrarcuy.jpg,000019_2014-05-26_14-40-57_260595134347_rgbf000061-resize.jpg,,000579_2014-06-08_11-07-06_260595134347_rgbf000166-resize.jpg
000102_2014-05-14_22-00-49_260595134347_rgbf000150-resize.jpg,sun_aajmrygrsoqheptx.jpg,000021_2014-05-26_14-42-06_260595134347_rgbf000041-resize.jpg,,001108_2014-06-15_17-24-15_260595134347_rgbf000135-resize.jpg
000377_2014-06-08_11-18-34_260595134347_rgbf000178-resize.jpg,sun_aakahzkcblfizcku.jpg,000061_2014-04-29_14-37-44_094959634447_rgbf000100-resize.jpg,,001234_2014-06-17_16-35-24_260595134347_rgbf000103-resize.jpg
000414_2014-06-04_19-49-13_260595134347_rgbf000044-resize.jpg,sun_aakynfpfyupnkxtn.jpg,000079_2014-05-14_21-35-51_260595134347_rgbf000172-resize.jpg,,001408_2014-06-19_16-16-19_260595134347_rgbf000084-resize.jpg
000425_2014-06-08_22-48-28_260595134347_rgbf000122-resize.jpg,sun_aatcallmtwwrjdkw.jpg,000138_2014-05-20_17-10-15_260595134347_rgbf000140-resize.jpg,,002110_2014-06-25_20-06-55_260595134347_rgbf000087-resize.jpg
000431_2014-06-08_18-52-18_260595134347_rgbf000187-resize.jpg,sun_aawkelmhizmqszhz.jpg,000222_2014-06-02_15-41-10_260595134347_rgbf000130-resize.jpg,,002524_2014-06-24_13-25-26_094959634447_rgbf000083-resize.jpg
000432_2014-06-09_22-26-55_260595134347_rgbf000109-resize.jpg,sun_aaxspwgpppcwlqht.jpg,000244_2014-06-02_16-06-10_260595134347_rgbf000076-resize.jpg,,002670_2014-06-13_16-04-57_094959634447_rgbf000151-resize.jpg
000437_2014-06-09_22-25-37_260595134347_rgbf000206-resize.jpg,sun_aazezsbjqxzmlvcs.jpg,000355_2014-06-09_20-32-26_260595134347_rgbf000181-resize.jpg,,sun_aajpqmulidejvjsr.jpg
000601_2014-06-09_16-48-31_260595134347_rgbf000133-resize.jpg,sun_abigoqqrjzdhsqze.jpg,000448_2014-06-08_16-16-21_260595134347_rgbf000129-resize.jpg,,sun_aatxlublfjchvvzu.jpg
000602_2014-06-09_16-48-52_260595134347_rgbf000117-resize.jpg,sun_abxxdoodgnirhtds.jpg,000481_2014-06-09_20-40-39_260595134347_rgbf000199-resize.jpg,,sun_aaytokfqmwbsyxwg.jpg
000643_2014-06-08_16-59-43_260595134347_rgbf000183-resize.jpg,sun_acaowsylrnrdzonc.jpg,000613_2014-06-09_17-01-36_260595134347_rgbf000141-resize.jpg,,sun_abbwggenhfbftyvi.jpg
000646_2014-06-08_17-01-04_260595134347_rgbf000120-resize.jpg,sun_accgcmqkndbwjwaf.jpg,000616_2014-06-09_17-03-45_260595134347_rgbf000132-resize.jpg,,sun_abjmqnkxnaqbdlxr.jpg
000666_2014-06-09_21-05-49_260595134347_rgbf000155-resize.jpg,sun_acjudivxtakuozxc.jpg,000624_2014-06-08_11-26-08_260595134347_rgbf000265-resize.jpg,,sun_abpmyykpuijkvxbq.jpg
000675_2014-06-08_22-59-18_260595134347_rgbf000096-resize.jpg,sun_aclmoxwmazctsgls.jpg,000627_2014-06-08_16-23-54_260595134347_rgbf000173-resize.jpg,,sun_abpxxzzjsgowyosm.jpg
000679_2014-06-08_23-12-01_260595134347_rgbf000049-resize.jpg,sun_adcsbfazysbqddva.jpg,000655_2014-06-08_17-10-34_260595134347_rgbf000176-resize.jpg,,sun_abufhmovlhmdarxn.jpg
000682_2014-06-08_23-14-58_260595134347_rgbf000041-resize.jpg,sun_adijpnhmzotvliyl.jpg,000673_2014-06-08_22-54-36_260595134347_rgbf000066-resize.jpg,,sun_abxnragferwudbgs.jpg
000699_2014-06-08_13-22-06_260595134347_rgbf000265-resize.jpg,sun_adswslrmlsloyrda.jpg,000692_2014-06-08_13-09-42_260595134347_rgbf000199-resize.jpg,,sun_achyrfibuxufqigz.jpg
000742_2014-06-08_18-48-09_260595134347_rgbf000164-resize.jpg,sun_advrhrvskotjztnq.jpg,000694_2014-06-08_13-12-30_260595134347_rgbf000219-resize.jpg,,sun_acnonyefptfdcngi.jpg
000749_2014-06-08_21-55-06_260595134347_rgbf000070-resize.jpg,sun_aebqotnzwysdidme.jpg,000696_2014-06-08_13-13-31_260595134347_rgbf000101-resize.jpg,,sun_acpuictxvpnvhubp.jpg
000828_2014-06-04_19-48-29_260595134347_rgbf000105-resize.jpg,sun_aebtaahxpldhjrna.jpg,000830_2014-06-04_19-49-31_260595134347_rgbf000096-resize.jpg,,sun_acuwiohfaielluxt.jpg
000922_2014-06-09_16-25-16_260595134347_rgbf000150-resize.jpg,sun_aeczgaoxqprdbdwp.jpg,000930_2014-06-09_16-35-05_260595134347_rgbf000153-resize.jpg,,sun_acvikfymjcoxwypo.jpg
001092_2014-06-15_17-34-58_260595134347_rgbf000171-resize.jpg,sun_aelqkybtlofguetl.jpg,001098_2014-06-15_17-43-53_260595134347_rgbf000237-resize.jpg,,sun_adbjjujrprqxejaw.jpg
001142_2014-06-17_15-24-05_260595134347_rgbf000071-resize.jpg,sun_aeynrahgsovgbhzl.jpg,001109_2014-06-15_17-24-58_260595134347_rgbf000147-resize.jpg,,sun_adbngeqzsjhrtfpi.jpg
001155_2014-06-17_15-30-16_260595134347_rgbf000061-resize.jpg,sun_afochopfjycsvodt.jpg,001120_2014-06-15_17-44-24_260595134347_rgbf000192-resize.jpg,,sun_adlatlavfglzcgrx.jpg
001170_2014-06-17_15-43-44_260595134347_rgbf000096-resize.jpg,sun_afozcfygdaejluqm.jpg,001140_2014-06-17_15-21-26_260595134347_rgbf000100-resize.jpg,,sun_admavvyopdfyvmnn.jpg
001354_2014-06-19_15-45-57_260595134347_rgbf000069-resize.jpg,sun_agivzozuwzewtpmv.jpg,001175_2014-06-17_15-45-55_260595134347_rgbf000129-resize.jpg,,sun_aduhygrfpghchdch.jpg
001362_2014-06-19_15-50-24_260595134347_rgbf000076-resize.jpg,sun_agtplbzvdribttal.jpg,001182_2014-06-17_15-51-16_260595134347_rgbf000070-resize.jpg,,sun_advxbmssrnqlofdo.jpg
001375_2014-06-19_15-56-19_260595134347_rgbf000078-resize.jpg,sun_agxlwxqhxrjmsvvk.jpg,001243_2014-06-17_16-42-18_260595134347_rgbf000057-resize.jpg,,sun_adwqqkpnurzkvqry.jpg
001377_2014-06-19_15-57-51_260595134347_rgbf000072-resize.jpg,sun_ahkqsebojontjojs.jpg,001329_2014-06-16_16-52-47_260595134347_rgbf000060-resize.jpg,,sun_aebarclxjssfwxyk.jpg
001379_2014-06-19_15-58-14_260595134347_rgbf000042-resize.jpg,sun_ahrushzujkatlsxx.jpg,001363_2014-06-19_15-50-43_260595134347_rgbf000084-resize.jpg,,sun_aemuwaczsnhcvzli.jpg
001411_2014-06-19_16-21-54_260595134347_rgbf000171-resize.jpg,sun_aidxzssadrjvqbkp.jpg,001394_2014-06-19_16-09-16_260595134347_rgbf000092-resize.jpg,,sun_aeteixvmlbahzsbr.jpg
001456_2014-06-19_17-07-43_260595134347_rgbf000108-resize.jpg,sun_aiewbfesvvdzrhei.jpg,001406_2014-06-19_16-15-34_260595134347_rgbf000073-resize.jpg,,sun_afcofuuzebuadceo.jpg
001581_2014-06-20_17-33-02_260595134347_rgbf000069-resize.jpg,sun_aifcmdmhbozowxgd.jpg,001483_2014-06-19_17-36-01_260595134347_rgbf000064-resize.jpg,,sun_afefkxscdspuddob.jpg
001613_2014-06-20_11-32-48_260595134347_rgbf000054-resize.jpg,sun_aionqsmjfgxamkmh.jpg,001619_2014-06-20_11-37-45_260595134347_rgbf000103-resize.jpg,,sun_afjelcegxkybndnw.jpg
001614_2014-06-20_11-34-38_260595134347_rgbf000047-resize.jpg,sun_aisiwfgppimtnmxl.jpg,002059_2014-06-24_21-03-23_260595134347_rgbf000055-resize.jpg,,sun_afqpcwgwvbqdrysa.jpg
001617_2014-06-20_11-35-32_260595134347_rgbf000066-resize.jpg,sun_aiyluzcowlbwxmdb.jpg,002512_2014-06-24_13-20-12_094959634447_rgbf000077-resize.jpg,,sun_afreylkbifiqvskh.jpg
002036_2014-06-24_20-21-10_260595134347_rgbf000049-resize.jpg,sun_ajuilspzkrogrlvd.jpg,002520_2014-06-24_13-24-20_094959634447_rgbf000076-resize.jpg,,sun_afrlfajzgqhnadpe.jpg
002082_2014-06-25_19-41-09_260595134347_rgbf000145-resize.jpg,sun_akjiyocmwpxbqjch.jpg,002523_2014-06-24_13-25-13_094959634447_rgbf000081-resize.jpg,,sun_afrvtpszmdzszmri.jpg
002087_2014-06-25_19-43-15_260595134347_rgbf000134-resize.jpg,sun_akstystfkaastjxe.jpg,002537_2014-06-24_13-36-51_094959634447_rgbf000079-resize.jpg,,sun_ageutxkjhkglitcq.jpg
002527_2014-06-24_13-26-28_094959634447_rgbf000078-resize.jpg,sun_aldiqdwgauilevkh.jpg,002630_2014-06-24_14-47-50_094959634447_rgbf000055-resize.jpg,,sun_agpzahjrmzzoymig.jpg
002617_2014-06-24_14-36-55_094959634447_rgbf000060-resize.jpg,sun_alhutdbptlvzhnix.jpg,002750_2014-06-22_19-08-03_094959634447_rgbf000094-resize.jpg,,sun_ahsjwikeppwlqtlx.jpg
002640_2014-06-24_14-51-49_094959634447_rgbf000071-resize.jpg,sun_amcodlddezlgcasb.jpg,002870_2014-06-01_15-16-29_094959634447_rgbf000151-resize.jpg,,sun_aiwdglrsrkkfbgzz.jpg
002641_2014-06-24_14-52-01_094959634447_rgbf000061-resize.jpg,sun_anfgnmnerkafsehh.jpg,002900_2014-06-03_18-01-15_094959634447_rgbf000150-resize.jpg,,sun_ajlandftvcwamwwg.jpg
002647_2014-06-24_14-54-29_094959634447_rgbf000067-resize.jpg,sun_aobzashczzvococq.jpg,002901_2014-06-03_18-01-52_094959634447_rgbf000150-resize.jpg,,sun_akxmlxalrwxzeggl.jpg
002673_2014-06-13_16-07-38_094959634447_rgbf000150-resize.jpg,sun_aoeuisfumiaqvwtd.jpg,002906_2014-06-03_18-05-12_094959634447_rgbf000150-resize.jpg,,sun_algbdbgevjbuuufg.jpg
002691_2014-06-13_16-31-07_094959634447_rgbf000151-resize.jpg,sun_aojppewhorafjccx.jpg,003093_2014-06-24_21-02-04_094959634447_rgbf000063-resize.jpg,,sun_alrvpvpmsndbnsmi.jpg
002704_2014-06-22_11-30-07_094959634447_rgbf000096-resize.jpg,sun_aoqfcxjpicgkpsna.jpg,003114_2014-05-11_20-40-39_094959634447_rgbf000100-resize.jpg,,sun_amodkzuwphzinepq.jpg
002740_2014-06-22_12-06-35_094959634447_rgbf000032-resize.jpg,sun_aoqzyrievujwbfrk.jpg,,,sun_amqtfsnvzjtdpvvm.jpg
002793_2014-06-22_19-37-50_094959634447_rgbf000074-resize.jpg,sun_apfnhnsiviabpcrs.jpg,,,sun_ansidqcvysboslny.jpg
002858_2014-06-03_19-00-45_094959634447_rgbf000171-resize.jpg,sun_aqhjlanuytugdhwl.jpg,,,sun_ansoqsfvbzwkrhxx.jpg
002881_2014-06-03_17-37-20_094959634447_rgbf000151-resize.jpg,sun_aqlzlssedjipskwg.jpg,,,sun_aoquhiddlfqapdlz.jpg
002890_2014-06-03_17-52-46_094959634447_rgbf000203-resize.jpg,sun_aryhhfrqnubpeqbl.jpg,,,sun_appjdfmnspkchyeb.jpg
002892_2014-06-03_17-54-31_094959634447_rgbf000170-resize.jpg,sun_aryhzqtgzrsfoydv.jpg,,,sun_aqeodisfzenojwwt.jpg
002894_2014-06-03_17-56-17_094959634447_rgbf000150-resize.jpg,sun_asspligpjsrsyrtk.jpg,,,sun_aqssggexsygwqmwf.jpg
002895_2014-06-03_17-56-53_094959634447_rgbf000150-resize.jpg,sun_atakuujgxgmwsgfl.jpg,,,sun_aqtbaxfibymamjuw.jpg
002905_2014-06-03_18-04-43_094959634447_rgbf000151-resize.jpg,sun_atokeuriienvadmo.jpg,,,sun_arckkwehdhltnkxg.jpg
002942_2014-06-26_15-54-57_094959634447_rgbf000086-resize.jpg,sun_atyuozssqqwypctv.jpg,,,sun_arzajpuktswgnznh.jpg
002949_2014-06-26_15-57-42_094959634447_rgbf000079-resize.jpg,sun_avaldgbhpkacnjfn.jpg,,,sun_asfpmuukmocwisil.jpg
003099_2014-06-24_21-04-53_094959634447_rgbf000076-resize.jpg,sun_avpnxhlmsphuonwe.jpg,,,sun_aslsttlwbnbjieik.jpg
003102_2014-06-24_21-05-50_094959634447_rgbf000070-resize.jpg,sun_avqetexixplnmtde.jpg,,,sun_asnqkkyhilqkxiqm.jpg
003109_2014-06-24_21-08-48_094959634447_rgbf000082-resize.jpg,sun_avtyflvlzqycaiad.jpg,,,sun_atjyemwleykdywmb.jpg
003374_2014-05-20_14-24-41_094959634447_rgbf000100-resize.jpg,sun_awuayhvttefypwhk.jpg,,,sun_atvmzgefhybitoef.jpg
003382_2014-05-20_14-41-00_094959634447_rgbf000101-resize.jpg,sun_axhrcnsttvojokbk.jpg,,,sun_aughckodglpirnxy.jpg
003640_2014-05-23_22-10-43_094959634447_rgbf000101-resize.jpg,sun_axkgbgelgnzfaual.jpg,,,sun_aveemgfwbynovchb.jpg
sun_aasnnbbavmebvphn.jpg,sun_axpdhhkspfjkziom.jpg,,,sun_awpygoncvcbwwevb.jpg
sun_abcjxvviqsjjwuao.jpg,sun_axqymxhexnxsuxzp.jpg,,,sun_awtzhouicgildphs.jpg
sun_adzbkrvisvmtpxee.jpg,sun_axzmxlymdvjqqfpk.jpg,,,sun_awwhkjgubqedifjf.jpg
sun_akavuoxhsnrshjtb.jpg,sun_aymnlwwwbyisixfr.jpg,,,sun_axdffaditleitfnb.jpg
sun_alasycxgcamvsffx.jpg,sun_aypynlnsusubkuku.jpg,,,sun_axinksamqqkuscfi.jpg
sun_amexfydwjdtyhydu.jpg,sun_azlmnuvamaigwmzo.jpg,,,sun_axqheyohiyfsrljz.jpg
sun_amfzhbvtrslclwdb.jpg,sun_azprhkizaexatfba.jpg,,,sun_ayaudcpmpcxbntrj.jpg
sun_amsnpilufjouvhym.jpg,sun_aztxfwxatxbfwmcv.jpg,,,sun_ayvpxyqgozezaswr.jpg
sun_anayhfpicarrbnyp.jpg,sun_bbpoakgwtgovqord.jpg,,,sun_ayyaqrdebvjxmnun.jpg
sun_aoecfksqojgzuotk.jpg,sun_bcjwxsjwsvkfskep.jpg,,,sun_ayzwrfmejwnjncpp.jpg
sun_aqkwcvqvtzjdvuec.jpg,sun_bcjxyczroqzvrngs.jpg,,,sun_azwjpslfsraawhoz.jpg
sun_aqxxbgqhvsoubenj.jpg,sun_bcsvszojgjjcexnu.jpg,,,sun_azwwjcrzdvvyzgoe.jpg
sun_aqynrwkuyocswuzd.jpg,sun_bcvjnccckrkbgwsx.jpg,,,sun_bdstfafqohpgtdug.jpg
sun_aqypmayniekoilrw.jpg,sun_bdsfihqcowpyfyoh.jpg,,,sun_bfhlobdtmjyfhyav.jpg
sun_asduhifcdfyekcdz.jpg,sun_bftkancdseujtsik.jpg,,,sun_bgzvgkeswjhfxjmf.jpg
sun_avizukluogzorelh.jpg,sun_bgayxnecjrrckalp.jpg,,,sun_bhonyxltrhclmivx.jpg
sun_avlmvbwxoawpkbak.jpg,sun_bgbpvhuhzxmtvimk.jpg,,,sun_bjaaftuibfpyjgdw.jpg
sun_awyuuqkqnpsrvznc.jpg,sun_biivklwtzhqcwvfo.jpg,,,sun_bjrkxxgvnxwtdykz.jpg
sun_azlmgeqekovfaecg.jpg,sun_biwnkkseviodpwdr.jpg,,,sun_bjvozqfcdzzwtobu.jpg
sun_azpakkjmwgucbbac.jpg,sun_bjqgxdqmzsyjiase.jpg,,,sun_bkdqwpptaiycyvpw.jpg
sun_bajlayyngiopgdzi.jpg,sun_bkoqbvbczpizkgwp.jpg,,,sun_blwkmhblbzypyozq.jpg
sun_baphkzwyhkodgwey.jpg,sun_bohcahebpjqbazhu.jpg,,,sun_blylcqvqdjmoeuoz.jpg
sun_bbmdoylvxmyvybte.jpg,sun_bsabhbpgrjiqyutv.jpg,,,sun_bmlswqhfomvwnbnc.jpg
sun_bcfpdrrhypidfvpz.jpg,sun_bwfbjujwjxxnfqnh.jpg,,,sun_bmxegptqdoztwvsb.jpg
sun_bepxaqgzuwlkjzge.jpg,sun_bybpnnlgljqojtvi.jpg,,,sun_bnhgmewonjiyiecs.jpg
sun_bgleyjzfabmmlyxm.jpg,sun_bykurgwrxpwfeyyb.jpg,,,sun_bpfkhnkxywdodcic.jpg
sun_bmuvfydunudkjwgy.jpg,sun_byuuiytmuwawdlxq.jpg,,,sun_bsxnbdvmmeihzatl.jpg
sun_bofuvpdnxtbfmrvp.jpg,sun_bzcgpmsdfnytohpv.jpg,,,sun_bueulxukagexbsmu.jpg
sun_bpagosmwpwzxeyrc.jpg,sun_bzgiwesrddaqjdbp.jpg,,,sun_bwolgpygaenfzlkn.jpg
sun_bpzzatthlcapxzol.jpg,sun_cpogtxxjhsrgczki.jpg,,,sun_bxpjvxfjwyhkyqug.jpg
sun_bvgqxvgsujafjmyh.jpg,sun_dduqwqcnizkjmbym.jpg,,,sun_bxwjmluoicweheir.jpg
sun_bvxzlpplafmfjhaw.jpg,sun_dezyrtacbxgoehoi.jpg,,,sun_byzuzoqljxuwtvti.jpg
sun_bykfoglinjjajuam.jpg,sun_dgtgwmmoomuexhhc.jpg,,,sun_bzbvrnhhyzzqefyg.jpg
sun_bzqzzzcwdlfjmozr.jpg,sun_djvfskyyofjfjgxm.jpg,,,sun_bzheckjkqqgwcfnm.jpg
sun_dhgkvwtvjrrztnja.jpg,sun_djyusglcuskwollt.jpg,,,sun_bzuvddxdkbzfifoa.jpg
sun_doyfckqysjamsckb.jpg,sun_dszyiikuzuvzijhr.jpg,,,sun_dstsuurgeihyfgib.jpg
